#pragma once

// Generated by topojson2bin -- do not edit by hand.
// Derived from world-atlas TopoJSON data (Copyright (c) Michael
// Bostock, ISC License) -- see THIRD_PARTY_NOTICES.md.
// Byte layout matches wrenium::geo::InputGeometryHeader, see
// include/wrenium/geo/input_format.h.

#include <cstddef>
#include <cstdint>

static const std::uint8_t kWreniumGeoWorldBorders110m[] = {
    0x31, 0x4d, 0x47, 0x57, 0x01, 0x00, 0x00, 0x00, 0x46, 0x01, 0x00, 0x00,
    0x05, 0x00, 0x00, 0x00, 0x94, 0xeb, 0x87, 0xbc, 0x48, 0x7b, 0x17, 0x3f,
    0x6b, 0xa6, 0x97, 0xbc, 0xd2, 0x3c, 0x18, 0x3f, 0xf7, 0x62, 0x5d, 0xbd,
    0x6f, 0x6f, 0x28, 0x3f, 0xd0, 0x71, 0x83, 0xbd, 0xac, 0xbd, 0x28, 0x3f,
    0xa4, 0x23, 0xa7, 0xbd, 0xab, 0x28, 0x2f, 0x3f, 0x09, 0x00, 0x00, 0x00,
    0x51, 0x64, 0x38, 0xbe, 0x11, 0x21, 0x34, 0x3f, 0xbd, 0xbc, 0x42, 0xbe,
    0x09, 0x93, 0x30, 0x3f, 0xd7, 0xb1, 0x49, 0xbe, 0x58, 0xb3, 0x2b, 0x3f,
    0x66, 0x64, 0x49, 0xbe, 0xac, 0x03, 0x29, 0x3f, 0x13, 0xbf, 0x4e, 0xbe,
    0x03, 0x6c, 0x27, 0x3f, 0xfa, 0x3a, 0x4f, 0xbe, 0x47, 0x51, 0x24, 0x3f,
    0x07, 0x78, 0x51, 0xbe, 0xae, 0x24, 0x23, 0x3f, 0x89, 0x72, 0x4c, 0xbe,
    0x57, 0xc5, 0x1d, 0x3f, 0x3e, 0xe6, 0x4d, 0xbe, 0xb8, 0x68, 0x1a, 0x3f,
    0x05, 0x00, 0x00, 0x00, 0x3e, 0xe6, 0x4d, 0xbe, 0xb8, 0x68, 0x1a, 0x3f,
    0x21, 0x94, 0x35, 0xbe, 0xa7, 0x2b, 0x19, 0x3f, 0x8d, 0x42, 0x2d, 0xbe,
    0x76, 0xa4, 0x17, 0x3f, 0x8c, 0x4c, 0x28, 0xbe, 0xfb, 0xc1, 0x16, 0x3f,
    0xb8, 0xf8, 0x24, 0xbe, 0xd3, 0x5d, 0x12, 0x3f, 0x05, 0x00, 0x00, 0x00,
    0xb8, 0xf8, 0x24, 0xbe, 0xd3, 0x5d, 0x12, 0x3f, 0x0b, 0x9e, 0x1f, 0xbe,
    0x55, 0xd7, 0x0f, 0x3f, 0xa6, 0x97, 0x1c, 0xbe, 0x7c, 0xfe, 0x0c, 0x3f,
    0x00, 0x99, 0x19, 0xbe, 0x69, 0x35, 0x0b, 0x3f, 0x6a, 0x0f, 0x15, 0xbe,
    0xbf, 0x57, 0x09, 0x3f, 0x06, 0x00, 0x00, 0x00, 0x6a, 0x0f, 0x15, 0xbe,
    0xbf, 0x57, 0x09, 0x3f, 0x62, 0x0c, 0xfd, 0xbd, 0x14, 0xee, 0x06, 0x3f,
    0x65, 0x15, 0xe9, 0xbd, 0x1d, 0x57, 0x04, 0x3f, 0x10, 0x55, 0xd4, 0xbd,
    0xa2, 0x74, 0x03, 0x3f, 0x4b, 0xc2, 0xc1, 0xbd, 0xd1, 0xe3, 0x03, 0x3f,
    0xe8, 0xd8, 0xa0, 0xbd, 0xed, 0x15, 0x03, 0x3f, 0x08, 0x00, 0x00, 0x00,
    0xe8, 0xd8, 0xa0, 0xbd, 0xed, 0x15, 0x03, 0x3f, 0x3f, 0x27, 0x9f, 0xbd,
    0x79, 0xef, 0x04, 0x3f, 0xd9, 0x34, 0x92, 0xbd, 0x5e, 0x8f, 0x06, 0x3f,
    0x2f, 0x25, 0x7f, 0xbd, 0x17, 0x4c, 0x08, 0x3f, 0x32, 0x24, 0x70, 0xbd,
    0x38, 0x68, 0x09, 0x3f, 0xdd, 0xe8, 0x58, 0xbd, 0xdd, 0x5b, 0x09, 0x3f,
    0x1f, 0xb2, 0x48, 0xbd, 0xcc, 0x64, 0x08, 0x3f, 0xc9, 0x80, 0x2c, 0xbd,
    0xe9, 0x22, 0x08, 0x3f, 0x04, 0x00, 0x00, 0x00, 0xc9, 0x80, 0x2c, 0xbd,
    0xe9, 0x22, 0x08, 0x3f, 0x96, 0x8c, 0x23, 0xbd, 0x56, 0x6c, 0x09, 0x3f,
    0x17, 0xe2, 0xf2, 0xbc, 0x38, 0xae, 0x09, 0x3f, 0x48, 0x4c, 0xa2, 0xbc,
    0x43, 0xe9, 0x07, 0x3f, 0x04, 0x00, 0x00, 0x00, 0x48, 0x4c, 0xa2, 0xbc,
    0x43, 0xe9, 0x07, 0x3f, 0xbb, 0x1d, 0x91, 0xbc, 0xce, 0x7c, 0x09, 0x3f,
    0x64, 0xcf, 0x92, 0xbc, 0x9d, 0x60, 0x0e, 0x3f, 0x94, 0xeb, 0x87, 0xbc,
    0x48, 0x7b, 0x17, 0x3f, 0x03, 0x00, 0x00, 0x00, 0x2b, 0x25, 0xf7, 0x3e,
    0x50, 0xe6, 0x1a, 0xbe, 0x4a, 0x8a, 0xf6, 0x3e, 0xd7, 0xd5, 0x1a, 0xbe,
    0xe2, 0xd0, 0xf4, 0x3e, 0xab, 0x38, 0x1b, 0xbe, 0x09, 0x00, 0x00, 0x00,
    0xe2, 0xd0, 0xf4, 0x3e, 0xab, 0x38, 0x1b, 0xbe, 0x7b, 0x47, 0xe7, 0x3e,
    0x24, 0x49, 0x1b, 0xbe, 0x82, 0xbf, 0xe7, 0x3e, 0x5d, 0xe6, 0x55, 0xbe,
    0x1b, 0xe1, 0xd0, 0x3e, 0x20, 0x52, 0x55, 0xbe, 0xe4, 0x13, 0xd0, 0x3e,
    0x19, 0x1d, 0x66, 0xbe, 0xd0, 0x7a, 0xcb, 0x3e, 0x23, 0x7d, 0x6a, 0xbe,
    0x08, 0x94, 0xbe, 0x3e, 0x2a, 0x14, 0x67, 0xbe, 0x85, 0xa3, 0xbe, 0x3e,
    0x64, 0x8a, 0x96, 0xbe, 0xbe, 0xa8, 0xbb, 0x3e, 0x87, 0x78, 0x98, 0xbe,
    0x11, 0x00, 0x00, 0x00, 0xdc, 0x6c, 0xbf, 0x3e, 0xb3, 0x15, 0x98, 0xbe,
    0xfd, 0x68, 0xbf, 0x3e, 0x86, 0xec, 0x97, 0xbe, 0xd8, 0x22, 0xc0, 0x3e,
    0x49, 0xd1, 0x83, 0xbe, 0x92, 0x5b, 0xc3, 0x3e, 0x83, 0xc1, 0x82, 0xbe,
    0xa4, 0x5d, 0xc7, 0x3e, 0x4f, 0x2d, 0x7e, 0xbe, 0x29, 0xb5, 0xd3, 0x3e,
    0xf7, 0x41, 0x78, 0xbe, 0x9a, 0x57, 0xdd, 0x3e, 0x19, 0x6c, 0x5f, 0xbe,
    0x36, 0x9c, 0xe8, 0x3e, 0x60, 0xfe, 0x56, 0xbe, 0x94, 0x46, 0xe9, 0x3e,
    0xdb, 0x75, 0x51, 0xbe, 0xae, 0x3b, 0xf0, 0x3e, 0xfb, 0x9a, 0x4b, 0xbe,
    0x9d, 0x2f, 0xf1, 0x3e, 0xbb, 0x8c, 0x3c, 0xbe, 0x58, 0x09, 0xf0, 0x3e,
    0x9d, 0x1d, 0x36, 0xbe, 0x58, 0x09, 0xf0, 0x3e, 0x3f, 0x02, 0x2e, 0xbe,
    0x30, 0x10, 0xf2, 0x3e, 0xd8, 0x37, 0x28, 0xbe, 0xc1, 0x59, 0xf2, 0x3e,
    0xce, 0x26, 0x1d, 0xbe, 0x2b, 0x25, 0xf7, 0x3e, 0x1a, 0x9a, 0x1d, 0xbe,
    0x2b, 0x25, 0xf7, 0x3e, 0x50, 0xe6, 0x1a, 0xbe, 0x11, 0x00, 0x00, 0x00,
    0xd7, 0xdb, 0x74, 0x3f, 0x3f, 0xcf, 0x11, 0xc0, 0x98, 0x03, 0x77, 0x3f,
    0xb6, 0x30, 0x11, 0xc0, 0xb7, 0xd5, 0x79, 0x3f, 0xeb, 0x37, 0x11, 0xc0,
    0xa5, 0xad, 0x7c, 0x3f, 0xd9, 0x1e, 0x13, 0xc0, 0x3f, 0xe3, 0x80, 0x3f,
    0x36, 0x43, 0x14, 0xc0, 0xad, 0x7d, 0x82, 0x3f, 0x4e, 0xf5, 0x14, 0xc0,
    0x29, 0x7f, 0x83, 0x3f, 0xd0, 0xfb, 0x15, 0xc0, 0x6a, 0x69, 0x84, 0x3f,
    0x52, 0xbc, 0x16, 0xc0, 0x9f, 0x91, 0x85, 0x3f, 0xa6, 0x53, 0x17, 0xc0,
    0xc4, 0xd7, 0x84, 0x3f, 0xdd, 0x72, 0x18, 0xc0, 0x54, 0x98, 0x83, 0x3f,
    0xd1, 0x88, 0x19, 0xc0, 0xe9, 0x0f, 0x85, 0x3f, 0x17, 0x87, 0x1a, 0xc0,
    0x9e, 0x0a, 0x86, 0x3f, 0xcd, 0x4e, 0x1b, 0xc0, 0x5e, 0xa9, 0x86, 0x3f,
    0xc8, 0x65, 0x1c, 0xc0, 0xd3, 0xb9, 0x86, 0x3f, 0xd2, 0x7e, 0x1d, 0xc0,
    0x25, 0x72, 0x93, 0x3f, 0xcb, 0x7d, 0x1d, 0xc0, 0xf2, 0xbc, 0x9b, 0x3f,
    0xbc, 0x7b, 0x1d, 0xc0, 0x48, 0x00, 0x00, 0x00, 0x64, 0xad, 0x49, 0x3f,
    0x5c, 0xfd, 0x95, 0xbf, 0x02, 0x34, 0x4c, 0x3f, 0x05, 0x72, 0x97, 0xbf,
    0x79, 0x4a, 0x52, 0x3f, 0x05, 0x72, 0x97, 0xbf, 0x87, 0x95, 0x53, 0x3f,
    0x43, 0x6f, 0x98, 0xbf, 0xee, 0xd3, 0x52, 0x3f, 0x46, 0xf0, 0x99, 0xbf,
    0x01, 0x00, 0x54, 0x3f, 0xb1, 0xad, 0x9a, 0xbf, 0x8f, 0xa0, 0x50, 0x3f,
    0x2e, 0x62, 0x9c, 0xbf, 0x02, 0x26, 0x4d, 0x3f, 0x20, 0x0f, 0x9d, 0xbf,
    0x3a, 0x1d, 0x4b, 0x3f, 0xf5, 0xda, 0x9d, 0xbf, 0x0e, 0x6d, 0x4a, 0x3f,
    0xe8, 0xcd, 0x9e, 0xbf, 0xf9, 0x32, 0x4a, 0x3f, 0x26, 0x85, 0x9f, 0xbf,
    0x52, 0x18, 0x49, 0x3f, 0xcc, 0xbe, 0x9f, 0xbf, 0x52, 0x18, 0x49, 0x3f,
    0xf3, 0xdc, 0xa3, 0xbf, 0x94, 0x10, 0x49, 0x3f, 0xce, 0x41, 0xa7, 0xbf,
    0x8e, 0x3d, 0x48, 0x3f, 0x2b, 0x43, 0xa8, 0xbf, 0xc3, 0x06, 0x45, 0x3f,
    0x7b, 0xa0, 0xaa, 0xbf, 0xb5, 0xad, 0x44, 0x3f, 0x7c, 0xe6, 0xaa, 0xbf,
    0x7f, 0xee, 0x42, 0x3f, 0xba, 0x9d, 0xab, 0xbf, 0x6f, 0xf0, 0x42, 0x3f,
    0xbe, 0xaa, 0xad, 0xbf, 0xa0, 0xea, 0x42, 0x3f, 0xd2, 0xdc, 0xaf, 0xbf,
    0x94, 0x36, 0x42, 0x3f, 0x2f, 0xde, 0xb0, 0xbf, 0x01, 0x56, 0x41, 0x3f,
    0x98, 0x83, 0xb0, 0xbf, 0x98, 0xf7, 0x3f, 0x3f, 0x1f, 0x50, 0xb0, 0xbf,
    0x6f, 0x83, 0x3f, 0x3f, 0x6a, 0x5a, 0xb0, 0xbf, 0x31, 0x4c, 0x3d, 0x3f,
    0xcb, 0x45, 0xb3, 0xbf, 0x25, 0x98, 0x3c, 0x3f, 0xa3, 0x92, 0xb5, 0xbf,
    0x60, 0x34, 0x3a, 0x3f, 0xa9, 0x2b, 0xb8, 0xbf, 0x60, 0x34, 0x3a, 0x3f,
    0xc8, 0xbb, 0xb8, 0xbf, 0x6c, 0xe8, 0x3a, 0x3f, 0x52, 0x7d, 0xb9, 0xbf,
    0xfb, 0x8c, 0x3b, 0x3f, 0x25, 0xbd, 0xb9, 0xbf, 0x13, 0x03, 0x3c, 0x3f,
    0xcb, 0xb0, 0xb9, 0xbf, 0xd3, 0x93, 0x3d, 0x3f, 0x33, 0x33, 0xb9, 0xbf,
    0x04, 0x09, 0x40, 0x3f, 0x7c, 0x25, 0xb8, 0xbf, 0xac, 0xac, 0x42, 0x3f,
    0xb7, 0x7e, 0xb7, 0xbf, 0xc4, 0x8f, 0x46, 0x3f, 0x03, 0xf2, 0xb7, 0xbf,
    0x74, 0x9d, 0x4a, 0x3f, 0x7c, 0x6b, 0xb8, 0xbf, 0xb8, 0xb5, 0x4c, 0x3f,
    0x91, 0xc0, 0xba, 0xbf, 0xff, 0x80, 0x4d, 0x3f, 0x81, 0x78, 0xba, 0xbf,
    0x53, 0x0e, 0x4e, 0x3f, 0xeb, 0xcc, 0xba, 0xbf, 0x53, 0x0e, 0x4e, 0x3f,
    0x65, 0x69, 0xbb, 0xbf, 0x5f, 0xc2, 0x4e, 0x3f, 0xb1, 0xdc, 0xbb, 0xbf,
    0x68, 0xd1, 0x4f, 0x3f, 0x84, 0xf9, 0xbb, 0xbf, 0x50, 0x5b, 0x4f, 0x3f,
    0xb3, 0x68, 0xbc, 0xbf, 0x29, 0x7e, 0x4f, 0x3f, 0x1d, 0x03, 0xbd, 0xbf,
    0x62, 0xf0, 0x4f, 0x3f, 0x1d, 0xe0, 0xbc, 0xbf, 0xac, 0x60, 0x50, 0x3f,
    0xf1, 0x65, 0xbd, 0xbf, 0xbf, 0x8c, 0x51, 0x3f, 0x88, 0x9d, 0xbd, 0xbf,
    0xa6, 0xfa, 0x52, 0x3f, 0x41, 0x5a, 0xbf, 0xbf, 0x09, 0x78, 0x54, 0x3f,
    0x72, 0x27, 0xc1, 0xbf, 0x60, 0x33, 0x56, 0x3f, 0x77, 0x57, 0xc3, 0xbf,
    0xad, 0xd1, 0x57, 0x3f, 0xd6, 0x70, 0xc5, 0xbf, 0x5e, 0x8e, 0x56, 0x3f,
    0x71, 0x6f, 0xc7, 0xbf, 0xc0, 0x82, 0x56, 0x3f, 0xcd, 0x2a, 0xc8, 0xbf,
    0xe4, 0xac, 0x57, 0x3f, 0xf2, 0xea, 0xca, 0xbf, 0xd2, 0x17, 0x57, 0x3f,
    0x32, 0xba, 0xcc, 0xbf, 0x1b, 0x7a, 0x58, 0x3f, 0x0a, 0xe4, 0xce, 0xbf,
    0x16, 0x30, 0x59, 0x3f, 0xc4, 0x2c, 0xd1, 0xbf, 0xc8, 0x75, 0x59, 0x3f,
    0x31, 0xbc, 0xd2, 0xbf, 0x62, 0x37, 0x5a, 0x3f, 0x41, 0x6d, 0xd3, 0xbf,
    0x93, 0xac, 0x5c, 0x3f, 0x24, 0xd2, 0xd3, 0xbf, 0xc4, 0xa6, 0x5c, 0x3f,
    0xad, 0x93, 0xd4, 0xbf, 0x4d, 0xef, 0x5a, 0x3f, 0xbc, 0x95, 0xd4, 0xbf,
    0x4d, 0xef, 0x5a, 0x3f, 0x9a, 0x35, 0xd9, 0xbf, 0x4d, 0xef, 0x5a, 0x3f,
    0x9c, 0xdb, 0xe0, 0xbf, 0x4d, 0xef, 0x5a, 0x3f, 0x35, 0x73, 0xe8, 0xbf,
    0x4d, 0xef, 0x5a, 0x3f, 0x44, 0x26, 0xef, 0xbf, 0x4d, 0xef, 0x5a, 0x3f,
    0x62, 0xdb, 0xf5, 0xbf, 0x4d, 0xef, 0x5a, 0x3f, 0x9e, 0x71, 0xfc, 0xbf,
    0x4d, 0xef, 0x5a, 0x3f, 0xc0, 0xa0, 0x01, 0xc0, 0x4d, 0xef, 0x5a, 0x3f,
    0xca, 0xb9, 0x02, 0xc0, 0x4d, 0xef, 0x5a, 0x3f, 0x0e, 0x0a, 0x06, 0xc0,
    0x4d, 0xef, 0x5a, 0x3f, 0x4a, 0x36, 0x09, 0xc0, 0x1c, 0x00, 0x00, 0x00,
    0x60, 0x2c, 0xe7, 0x3e, 0x30, 0x04, 0xd9, 0xbf, 0xae, 0xe6, 0xe6, 0x3e,
    0x8c, 0xe2, 0xd9, 0xbf, 0x09, 0xde, 0xe8, 0x3e, 0x26, 0x78, 0xdb, 0xbf,
    0x7a, 0xa6, 0xeb, 0x3e, 0xee, 0x36, 0xdd, 0xbf, 0x02, 0xd7, 0xef, 0x3e,
    0x86, 0xd7, 0xdd, 0xbf, 0x00, 0x1a, 0xf6, 0x3e, 0x1e, 0x55, 0xde, 0xbf,
    0xda, 0x32, 0xfb, 0x3e, 0xc6, 0xa6, 0xdf, 0xbf, 0x46, 0x37, 0x00, 0x3f,
    0x6e, 0x6c, 0xe0, 0xbf, 0x69, 0x45, 0x03, 0x3f, 0x9d, 0x8a, 0xe1, 0xbf,
    0x4e, 0x0e, 0x05, 0x3f, 0x29, 0x1e, 0xe3, 0xbf, 0x02, 0xf9, 0x04, 0x3f,
    0x87, 0xf1, 0xe4, 0xbf, 0xe7, 0x70, 0x01, 0x3f, 0xd6, 0x59, 0xe6, 0xbf,
    0x93, 0xc7, 0x02, 0x3f, 0x61, 0x33, 0xe8, 0xbf, 0x2d, 0x20, 0x04, 0x3f,
    0xdc, 0x5b, 0xe9, 0xbf, 0x5f, 0x95, 0x06, 0x3f, 0xed, 0xe9, 0xe9, 0xbf,
    0x97, 0xeb, 0x08, 0x3f, 0x58, 0xa7, 0xea, 0xbf, 0xf2, 0xe2, 0x0a, 0x3f,
    0x0f, 0xfb, 0xeb, 0xbf, 0x09, 0x4b, 0x0c, 0x3f, 0x6c, 0x1f, 0xed, 0xbf,
    0x98, 0xe1, 0x0d, 0x3f, 0x6e, 0xf1, 0xed, 0xbf, 0x98, 0xe1, 0x0d, 0x3f,
    0xc2, 0xcf, 0xf1, 0xbf, 0x37, 0x09, 0x0c, 0x3f, 0xc2, 0xcf, 0xf1, 0xbf,
    0x37, 0x09, 0x0c, 0x3f, 0xc6, 0x96, 0xf3, 0xbf, 0x78, 0x01, 0x0c, 0x3f,
    0x49, 0x07, 0xf8, 0xbf, 0xd6, 0x26, 0x0f, 0x3f, 0xa0, 0x20, 0xfd, 0xbf,
    0x77, 0x52, 0x11, 0x3f, 0xa7, 0x3f, 0x00, 0xc0, 0x0a, 0x33, 0x12, 0x3f,
    0xe3, 0x24, 0x00, 0xc0, 0x22, 0xb7, 0x11, 0x3f, 0x48, 0x90, 0x01, 0xc0,
    0x14, 0x5e, 0x11, 0x3f, 0x96, 0xd5, 0x02, 0xc0, 0x0c, 0x00, 0x00, 0x00,
    0x2b, 0xe5, 0x5b, 0x3f, 0x2b, 0x2a, 0xc3, 0x3f, 0x54, 0xec, 0x58, 0x3f,
    0xaf, 0x75, 0xc1, 0x3f, 0xea, 0x7f, 0x58, 0x3f, 0x23, 0x9c, 0xbf, 0x3f,
    0xd0, 0x05, 0x54, 0x3f, 0x5f, 0x81, 0xbf, 0x3f, 0xe8, 0x00, 0x52, 0x3f,
    0x3e, 0x42, 0xbe, 0x3f, 0x7c, 0x78, 0x53, 0x3f, 0xcb, 0xd3, 0xb9, 0x3f,
    0x38, 0x78, 0x4b, 0x3f, 0x04, 0x38, 0xb8, 0x3f, 0x9b, 0x7a, 0x4a, 0x3f,
    0x97, 0x11, 0xb7, 0x3f, 0xb7, 0xb1, 0x48, 0x3f, 0x33, 0xa5, 0xb2, 0x3f,
    0x66, 0xef, 0x40, 0x3f, 0xec, 0xa7, 0xb4, 0x3f, 0x42, 0xc5, 0x3f, 0x3f,
    0xbc, 0x20, 0xb3, 0x3f, 0xd5, 0x38, 0x3d, 0x3f, 0x07, 0x4e, 0xb3, 0x3f,
    0x0c, 0x00, 0x00, 0x00, 0xd5, 0x38, 0x3d, 0x3f, 0x07, 0x4e, 0xb3, 0x3f,
    0x43, 0xe1, 0x3d, 0x3f, 0xf5, 0xed, 0xb1, 0x3f, 0xb0, 0x7b, 0x3f, 0x3f,
    0xb6, 0xcd, 0xb0, 0x3f, 0xb8, 0xf3, 0x3f, 0x3f, 0x73, 0x7d, 0xad, 0x3f,
    0xb2, 0x12, 0x40, 0x3f, 0x4c, 0xc8, 0xa9, 0x3f, 0xdb, 0x94, 0x3f, 0x3f,
    0x68, 0xfa, 0xa8, 0x3f, 0xfb, 0x74, 0x41, 0x3f, 0x16, 0xcb, 0xa5, 0x3f,
    0xca, 0x88, 0x40, 0x3f, 0xc8, 0x85, 0xa4, 0x3f, 0x22, 0xe5, 0x3d, 0x3f,
    0x3f, 0x2d, 0xa4, 0x3f, 0x13, 0x70, 0x3f, 0x3f, 0x55, 0x80, 0xa0, 0x3f,
    0x73, 0xcd, 0x3e, 0x3f, 0x8e, 0x07, 0x9f, 0x3f, 0x08, 0xd8, 0x3c, 0x3f,
    0xe7, 0x87, 0x9e, 0x3f, 0x13, 0x00, 0x00, 0x00, 0x08, 0xd8, 0x3c, 0x3f,
    0xe7, 0x87, 0x9e, 0x3f, 0x03, 0x05, 0x3c, 0x3f, 0x8a, 0x40, 0x9d, 0x3f,
    0x63, 0xe7, 0x38, 0x3f, 0xed, 0x4c, 0x9a, 0x3f, 0x67, 0xb6, 0x35, 0x3f,
    0xcd, 0x53, 0x99, 0x3f, 0xa9, 0xae, 0x35, 0x3f, 0xad, 0x7d, 0x98, 0x3f,
    0xbc, 0xcc, 0x37, 0x3f, 0x33, 0xe1, 0x97, 0x3f, 0x84, 0xf1, 0x37, 0x3f,
    0x68, 0x0a, 0x95, 0x3f, 0x88, 0x9a, 0x3b, 0x3f, 0x0d, 0x95, 0x94, 0x3f,
    0x46, 0xa2, 0x3b, 0x3f, 0x1a, 0x7f, 0x93, 0x3f, 0x50, 0x1e, 0x40, 0x3f,
    0x56, 0xaa, 0x93, 0x3f, 0xb8, 0x60, 0x43, 0x3f, 0xba, 0xfc, 0x90, 0x3f,
    0xaa, 0x07, 0x43, 0x3f, 0xb1, 0x28, 0x8d, 0x3f, 0x2c, 0x61, 0x42, 0x3f,
    0x7e, 0x89, 0x8a, 0x3f, 0x0c, 0x69, 0x46, 0x3f, 0xe2, 0x67, 0x88, 0x3f,
    0xc5, 0x18, 0x48, 0x3f, 0x84, 0x94, 0x86, 0x3f, 0xb1, 0x4b, 0x4b, 0x3f,
    0x22, 0x1d, 0x83, 0x3f, 0x6d, 0xae, 0x4b, 0x3f, 0x12, 0xb2, 0x82, 0x3f,
    0xc5, 0x0a, 0x49, 0x3f, 0xeb, 0xe3, 0x79, 0x3f, 0x34, 0x92, 0x38, 0x3f,
    0x37, 0x11, 0x7a, 0x3f, 0x06, 0x00, 0x00, 0x00, 0x34, 0x92, 0x38, 0x3f,
    0x37, 0x11, 0x7a, 0x3f, 0x0f, 0x5a, 0x38, 0x3f, 0x7d, 0xc8, 0x77, 0x3f,
    0x6b, 0xda, 0x3b, 0x3f, 0x85, 0xa5, 0x74, 0x3f, 0xcb, 0x1b, 0x3d, 0x3f,
    0x60, 0x9f, 0x71, 0x3f, 0xaa, 0x2d, 0x3c, 0x3f, 0x45, 0x8e, 0x6c, 0x3f,
    0x47, 0xb0, 0x3a, 0x3f, 0xc8, 0x93, 0x6a, 0x3f, 0x32, 0x00, 0x00, 0x00,
    0xb2, 0x4f, 0x4f, 0x3f, 0x97, 0x64, 0x5b, 0x3f, 0x8d, 0x09, 0x50, 0x3f,
    0xdd, 0x1b, 0x59, 0x3f, 0x17, 0x56, 0x52, 0x3f, 0x48, 0x93, 0x59, 0x3f,
    0xcd, 0x52, 0x55, 0x3f, 0x6e, 0xba, 0x56, 0x3f, 0xe4, 0x31, 0x55, 0x3f,
    0x0c, 0x66, 0x53, 0x3f, 0x38, 0x3a, 0x58, 0x3f, 0x5e, 0x9e, 0x4f, 0x3f,
    0x8a, 0x9d, 0x5b, 0x3f, 0x37, 0x31, 0x52, 0x3f, 0xdb, 0x85, 0x5c, 0x3f,
    0xac, 0xe3, 0x50, 0x3f, 0x4e, 0x6e, 0x61, 0x3f, 0xd3, 0x75, 0x54, 0x3f,
    0x34, 0xd8, 0x5e, 0x3f, 0x65, 0x0b, 0x59, 0x3f, 0x9c, 0x1a, 0x62, 0x3f,
    0x84, 0x9b, 0x59, 0x3f, 0x72, 0xf7, 0x66, 0x3f, 0x02, 0xd3, 0x62, 0x3f,
    0x7c, 0x14, 0x67, 0x3f, 0x21, 0xce, 0x69, 0x3f, 0xab, 0xfc, 0x63, 0x3f,
    0x37, 0xa6, 0x73, 0x3f, 0xf8, 0x2d, 0x62, 0x3f, 0xf8, 0xf0, 0x78, 0x3f,
    0x07, 0x10, 0x64, 0x3f, 0xb8, 0xaf, 0x7d, 0x3f, 0x42, 0x27, 0x64, 0x3f,
    0xc6, 0x61, 0x82, 0x3f, 0xd9, 0xd6, 0x61, 0x3f, 0xbd, 0x3e, 0x85, 0x3f,
    0xa5, 0x29, 0x63, 0x3f, 0x73, 0xe3, 0x85, 0x3f, 0x3f, 0xf9, 0x62, 0x3f,
    0x7a, 0x08, 0x89, 0x3f, 0x52, 0x17, 0x65, 0x3f, 0x8b, 0x96, 0x89, 0x3f,
    0x54, 0x29, 0x68, 0x3f, 0x0a, 0xf8, 0x85, 0x3f, 0xe4, 0x56, 0x6a, 0x3f,
    0xc4, 0x1d, 0x88, 0x3f, 0x96, 0x8e, 0x6b, 0x3f, 0xb4, 0xb2, 0x87, 0x3f,
    0xca, 0xb6, 0x6c, 0x3f, 0x5e, 0xd6, 0x89, 0x3f, 0xdd, 0xc6, 0x6f, 0x3f,
    0x97, 0x3a, 0x88, 0x3f, 0xee, 0x4d, 0x71, 0x3f, 0x12, 0x40, 0x89, 0x3f,
    0xce, 0xda, 0x72, 0x3f, 0x43, 0x9b, 0x91, 0x3f, 0x76, 0xf5, 0x73, 0x3f,
    0x45, 0xb3, 0x92, 0x3f, 0x81, 0x9b, 0x75, 0x3f, 0x34, 0x4a, 0x98, 0x3f,
    0xd1, 0x75, 0x77, 0x3f, 0xed, 0x4c, 0x9a, 0x3f, 0xf3, 0x7f, 0x76, 0x3f,
    0x50, 0x50, 0x9e, 0x3f, 0x21, 0xdf, 0x71, 0x3f, 0x7f, 0x05, 0x9f, 0x3f,
    0xe9, 0xf5, 0x72, 0x3f, 0x93, 0x5a, 0xa1, 0x3f, 0xd7, 0x6e, 0x71, 0x3f,
    0x8b, 0x37, 0xa4, 0x3f, 0x75, 0xff, 0x6e, 0x3f, 0x30, 0x08, 0xa4, 0x3f,
    0x58, 0x3f, 0x6f, 0x3f, 0xea, 0x2d, 0xa6, 0x3f, 0x9f, 0x77, 0x73, 0x3f,
    0xe7, 0xc6, 0xab, 0x3f, 0x77, 0x11, 0x72, 0x3f, 0xe5, 0xf4, 0xaa, 0x3f,
    0xb9, 0x9c, 0x6e, 0x3f, 0xce, 0xcf, 0xad, 0x3f, 0xc0, 0x44, 0x63, 0x3f,
    0x52, 0xcc, 0xb2, 0x3f, 0xf8, 0x9a, 0x65, 0x3f, 0x09, 0xfd, 0xb3, 0x3f,
    0xbc, 0x08, 0x63, 0x3f, 0x97, 0x11, 0xb7, 0x3f, 0x11, 0x2d, 0x64, 0x3f,
    0x17, 0x47, 0xba, 0x3f, 0xdb, 0x5f, 0x63, 0x3f, 0x29, 0x84, 0xbb, 0x3f,
    0xaf, 0xcb, 0x60, 0x3f, 0xfe, 0x95, 0xbc, 0x3f, 0x0c, 0xed, 0x5f, 0x3f,
    0x6b, 0x25, 0xbe, 0x3f, 0x1e, 0x07, 0x5e, 0x3f, 0x6d, 0x1a, 0xbf, 0x3f,
    0x0f, 0xa0, 0x5e, 0x3f, 0x83, 0xfb, 0xc1, 0x3f, 0x2b, 0xe5, 0x5b, 0x3f,
    0x2b, 0x2a, 0xc3, 0x3f, 0x08, 0x00, 0x00, 0x00, 0x08, 0xd8, 0x3c, 0x3f,
    0xe7, 0x87, 0x9e, 0x3f, 0xbf, 0x67, 0x3c, 0x3f, 0xcb, 0x32, 0x9f, 0x3f,
    0x33, 0x84, 0x39, 0x3f, 0x03, 0x51, 0x9d, 0x3f, 0x7a, 0xd4, 0x37, 0x3f,
    0x16, 0xf7, 0x9e, 0x3f, 0x11, 0xf1, 0x38, 0x3f, 0xbf, 0x8e, 0xa0, 0x3f,
    0xfa, 0x96, 0x36, 0x3f, 0x1f, 0x34, 0xa3, 0x3f, 0x2f, 0x60, 0x33, 0x3f,
    0x37, 0x59, 0xa0, 0x3f, 0x79, 0xd0, 0x33, 0x3f, 0xba, 0xa4, 0x9e, 0x3f,
    0x0c, 0x00, 0x00, 0x00, 0x79, 0xd0, 0x33, 0x3f, 0xba, 0xa4, 0x9e, 0x3f,
    0x6e, 0xb3, 0x33, 0x3f, 0x04, 0xba, 0x9d, 0x3f, 0xef, 0xf0, 0x34, 0x3f,
    0xa9, 0x67, 0x9d, 0x3f, 0x64, 0x03, 0x37, 0x3f, 0x13, 0xdf, 0x9d, 0x3f,
    0x29, 0xfa, 0x35, 0x3f, 0x39, 0xe3, 0x9a, 0x3f, 0x7d, 0x1a, 0x33, 0x3f,
    0xfc, 0x2b, 0x9a, 0x3f, 0x5c, 0xa3, 0x30, 0x3f, 0x35, 0x1c, 0x99, 0x3f,
    0x91, 0xd9, 0x30, 0x3f, 0x8c, 0x3e, 0x97, 0x3f, 0x47, 0xe0, 0x2e, 0x3f,
    0x4e, 0xaa, 0x96, 0x3f, 0x3d, 0xd1, 0x2d, 0x3f, 0x52, 0x4e, 0x98, 0x3f,
    0x68, 0x7d, 0x2a, 0x3f, 0xda, 0xc9, 0x98, 0x3f, 0xb1, 0xf7, 0x25, 0x3f,
    0xaa, 0x88, 0x97, 0x3f, 0x03, 0x00, 0x00, 0x00, 0xb1, 0xf7, 0x25, 0x3f,
    0xaa, 0x88, 0x97, 0x3f, 0xc1, 0xe7, 0x26, 0x3f, 0x4c, 0xd8, 0x95, 0x3f,
    0x7f, 0xef, 0x26, 0x3f, 0x3a, 0x9b, 0x94, 0x3f, 0x10, 0x00, 0x00, 0x00,
    0x7f, 0xef, 0x26, 0x3f, 0x3a, 0x9b, 0x94, 0x3f, 0x52, 0xac, 0x29, 0x3f,
    0xa4, 0xa9, 0x94, 0x3f, 0x20, 0x96, 0x2b, 0x3f, 0xe8, 0xb1, 0x91, 0x3f,
    0x9f, 0xc5, 0x2d, 0x3f, 0xc5, 0x5a, 0x8f, 0x3f, 0xd3, 0xdf, 0x2f, 0x3f,
    0x1c, 0xe6, 0x8d, 0x3f, 0xb5, 0xf5, 0x32, 0x3f, 0x71, 0x59, 0x8b, 0x3f,
    0xb8, 0x90, 0x37, 0x3f, 0x5f, 0x3f, 0x8a, 0x3f, 0xce, 0x61, 0x38, 0x3f,
    0xe5, 0x7f, 0x89, 0x3f, 0x88, 0x2d, 0x38, 0x3f, 0x2b, 0x14, 0x87, 0x3f,
    0xc9, 0x17, 0x39, 0x3f, 0xed, 0x39, 0x86, 0x3f, 0xa2, 0xa7, 0x3c, 0x3f,
    0x28, 0xfc, 0x85, 0x3f, 0xa9, 0x03, 0x3f, 0x3f, 0x21, 0xfa, 0x82, 0x3f,
    0x9e, 0x6b, 0x3c, 0x3f, 0x59, 0x18, 0x81, 0x3f, 0xad, 0xe0, 0x3a, 0x3f,
    0xc8, 0x60, 0x7e, 0x3f, 0xb1, 0xa1, 0x38, 0x3f, 0x15, 0x1a, 0x7f, 0x3f,
    0x34, 0x92, 0x38, 0x3f, 0x37, 0x11, 0x7a, 0x3f, 0x03, 0x00, 0x00, 0x00,
    0xe0, 0xf1, 0x22, 0xbe, 0x1e, 0x89, 0x1d, 0x40, 0xa5, 0x6d, 0xd1, 0xbd,
    0xff, 0x84, 0x1d, 0x40, 0x16, 0xef, 0x39, 0xbd, 0xda, 0x7f, 0x1d, 0x40,
    0x03, 0x00, 0x00, 0x00, 0xef, 0xeb, 0x1e, 0xbe, 0xb9, 0x97, 0x0b, 0x40,
    0xf9, 0x75, 0x22, 0xbe, 0x8c, 0xb4, 0x0b, 0x40, 0x22, 0xe0, 0x27, 0xbe,
    0xb1, 0xb9, 0x0b, 0x40, 0x0e, 0x00, 0x00, 0x00, 0xbe, 0x6c, 0x0f, 0x3d,
    0x06, 0xfd, 0xf4, 0x3f, 0xb0, 0x42, 0xbf, 0x3c, 0xca, 0x5d, 0xf5, 0x3f,
    0xda, 0xdd, 0x5c, 0x3c, 0xfb, 0xe4, 0xf6, 0x3f, 0x0b, 0xb7, 0x8b, 0x3c,
    0x86, 0x55, 0xf8, 0x3f, 0x22, 0x4f, 0x81, 0x3c, 0xf2, 0xc1, 0xf9, 0x3f,
    0x99, 0xaa, 0xc9, 0x3c, 0x7d, 0x0f, 0xfb, 0x3f, 0x12, 0x40, 0xd6, 0x3c,
    0x52, 0x21, 0xfc, 0x3f, 0x24, 0x14, 0xae, 0x3c, 0xcf, 0x3e, 0xfe, 0x3f,
    0x04, 0x92, 0xcc, 0x3c, 0x0f, 0x08, 0x00, 0x40, 0x06, 0xbf, 0x49, 0x3d,
    0x45, 0x9b, 0x00, 0x40, 0x0a, 0x8d, 0x62, 0x3d, 0x6c, 0x09, 0x01, 0x40,
    0x5a, 0xee, 0x99, 0x3d, 0x40, 0x6c, 0x01, 0x40, 0x5a, 0xee, 0x99, 0x3d,
    0xa5, 0xb4, 0x02, 0x40, 0x91, 0xe1, 0x93, 0x3d, 0xbd, 0xac, 0x03, 0x40,
    0x04, 0x00, 0x00, 0x00, 0xe0, 0x48, 0x75, 0xbf, 0x6a, 0x96, 0x95, 0xbf,
    0xe6, 0x29, 0x75, 0xbf, 0x4f, 0xf0, 0x96, 0xbf, 0xf6, 0x27, 0x75, 0xbf,
    0xcd, 0x53, 0x99, 0xbf, 0x67, 0x2e, 0x6b, 0xbf, 0xcd, 0x53, 0x99, 0xbf,
    0x06, 0x00, 0x00, 0x00, 0x67, 0x02, 0x07, 0xbf, 0xb3, 0xbb, 0x80, 0xbf,
    0x1f, 0x96, 0x0a, 0xbf, 0xd2, 0x4b, 0x81, 0xbf, 0x43, 0x2d, 0x0f, 0xbf,
    0x2e, 0xe4, 0x81, 0xbf, 0x9e, 0x9f, 0x13, 0xbf, 0x01, 0xde, 0x81, 0xbf,
    0x2b, 0x9f, 0x14, 0xbf, 0x98, 0x5b, 0x82, 0xbf, 0xb7, 0x82, 0x17, 0xbf,
    0xd5, 0x86, 0x82, 0xbf, 0x2c, 0x00, 0x00, 0x00, 0x25, 0xad, 0x69, 0xbf,
    0xcc, 0x30, 0x99, 0xbf, 0x19, 0xf9, 0x68, 0xbf, 0xef, 0x41, 0x9b, 0xbf,
    0x27, 0x60, 0x68, 0xbf, 0x83, 0xa9, 0xa0, 0xbf, 0x2d, 0xc6, 0x65, 0xbf,
    0x49, 0x96, 0xa1, 0xbf, 0x8a, 0x6c, 0x62, 0xbf, 0xee, 0x89, 0xa1, 0xbf,
    0x1b, 0xb6, 0x62, 0xbf, 0xd3, 0x06, 0xa3, 0xbf, 0xce, 0x17, 0x61, 0xbf,
    0x99, 0xd0, 0xa3, 0xbf, 0xe2, 0x5b, 0x5c, 0xbf, 0x03, 0x02, 0xa4, 0xbf,
    0x87, 0x64, 0x5a, 0xbf, 0x77, 0x4b, 0xa2, 0xbf, 0x89, 0x8e, 0x57, 0xbf,
    0x49, 0x96, 0xa1, 0xbf, 0xad, 0x4b, 0x55, 0xbf, 0x3a, 0xda, 0xa1, 0xbf,
    0xf1, 0x7b, 0x51, 0xbf, 0x83, 0xa9, 0xa0, 0xbf, 0x01, 0x92, 0x4b, 0xbf,
    0x90, 0xd9, 0x9f, 0xbf, 0x38, 0xf2, 0x48, 0xbf, 0x54, 0x17, 0xa0, 0xbf,
    0x64, 0x19, 0x48, 0xbf, 0x25, 0x1c, 0x9f, 0xbf, 0xaa, 0x69, 0x46, 0xbf,
    0xe9, 0x59, 0x9f, 0xbf, 0x38, 0x85, 0x45, 0xbf, 0x82, 0x63, 0xa0, 0xbf,
    0x19, 0xa5, 0x43, 0xbf, 0x17, 0xa6, 0x9f, 0xbf, 0x70, 0xf3, 0x41, 0xbf,
    0x83, 0xa9, 0xa0, 0xbf, 0x19, 0xcb, 0x3c, 0xbf, 0x57, 0x2f, 0xa1, 0xbf,
    0xc8, 0xe2, 0x3b, 0xbf, 0xbe, 0x48, 0xa0, 0xbf, 0xe0, 0x70, 0x36, 0xbf,
    0x83, 0xa9, 0xa0, 0xbf, 0x9b, 0xdd, 0x31, 0xbf, 0xaf, 0x23, 0xa0, 0xbf,
    0x58, 0xe1, 0x2d, 0xbf, 0x44, 0x89, 0x9f, 0xbf, 0x1c, 0x41, 0x2c, 0xbf,
    0x7d, 0x33, 0x9e, 0xbf, 0xfc, 0xe5, 0x27, 0xbf, 0x70, 0xe0, 0x9e, 0xbf,
    0xbf, 0xca, 0x23, 0xbf, 0x7f, 0xe2, 0x9e, 0xbf, 0x75, 0xdf, 0x20, 0xbf,
    0x21, 0x32, 0x9d, 0xbf, 0x15, 0x23, 0x1d, 0xbf, 0x8a, 0x40, 0x9d, 0xbf,
    0xf5, 0xc7, 0x18, 0xbf, 0x2d, 0xf9, 0x9b, 0xbf, 0xc9, 0xaa, 0x14, 0xbf,
    0x1e, 0xf7, 0x9b, 0xbf, 0xb3, 0xd9, 0x13, 0xbf, 0x5b, 0x8b, 0x9c, 0xbf,
    0x00, 0x23, 0x0c, 0xbf, 0xe5, 0x92, 0x9d, 0xbf, 0xdc, 0x8b, 0x07, 0xbf,
    0xd3, 0x32, 0x9c, 0xbf, 0x7a, 0x38, 0x03, 0xbf, 0x6a, 0x6a, 0x9c, 0xbf,
    0xb6, 0x51, 0xfe, 0xbe, 0x86, 0x9c, 0x9b, 0xbf, 0xc6, 0xec, 0xf5, 0xbe,
    0xce, 0x25, 0x9a, 0xbf, 0xc3, 0x5f, 0xf0, 0xbe, 0x43, 0x92, 0x98, 0xbf,
    0x78, 0xdd, 0xec, 0xbe, 0x27, 0x3d, 0x99, 0xbf, 0xcb, 0xfd, 0xe9, 0xbe,
    0xbc, 0xc5, 0x98, 0xbf, 0xea, 0x17, 0xdb, 0xbe, 0x44, 0xd8, 0x98, 0xbf,
    0x2c, 0xb1, 0xd6, 0xbe, 0x7b, 0x6a, 0x96, 0xbf, 0xca, 0x67, 0xcd, 0xbe,
    0xd3, 0xa4, 0x95, 0xbf, 0xbd, 0x2a, 0xcb, 0xbe, 0xd4, 0xea, 0x95, 0xbf,
    0x07, 0x00, 0x00, 0x00, 0xbd, 0x2a, 0xcb, 0xbe, 0xd4, 0xea, 0x95, 0xbf,
    0x1c, 0x17, 0xc3, 0xbe, 0x39, 0x0f, 0x94, 0xbf, 0xac, 0x44, 0xc5, 0xbe,
    0xc9, 0x21, 0x91, 0xbf, 0x00, 0xba, 0xcb, 0xbe, 0x2f, 0xd2, 0x8f, 0xbf,
    0xd2, 0x8a, 0xc4, 0xbe, 0xc4, 0xf1, 0x8e, 0xbf, 0xbf, 0xe7, 0xc4, 0xbe,
    0x28, 0x67, 0x8c, 0xbf, 0x7c, 0xd3, 0xc6, 0xbe, 0x81, 0x0a, 0x8c, 0xbf,
    0x0c, 0x00, 0x00, 0x00, 0x7c, 0xd3, 0xc6, 0xbe, 0x81, 0x0a, 0x8c, 0xbf,
    0x0e, 0x68, 0xd5, 0xbe, 0x69, 0xee, 0x87, 0xbf, 0xa9, 0xc0, 0xd6, 0xbe,
    0x0a, 0x1b, 0x86, 0xbf, 0xb5, 0x5c, 0xdd, 0xbe, 0x13, 0x61, 0x83, 0xbf,
    0x21, 0xdb, 0xe0, 0xbe, 0x3b, 0x14, 0x81, 0xbf, 0xb6, 0xcd, 0xe4, 0xbe,
    0xe0, 0xc1, 0x80, 0xbf, 0xbc, 0x62, 0xf2, 0xbe, 0xf4, 0xf3, 0x82, 0xbf,
    0x3f, 0xce, 0xf4, 0xbe, 0x77, 0xb3, 0x80, 0xbf, 0x98, 0x2e, 0xf6, 0xbe,
    0x2d, 0x62, 0x7c, 0xbf, 0xc2, 0xbe, 0xf4, 0xbe, 0x43, 0xd8, 0x78, 0xbf,
    0xc3, 0xe4, 0xed, 0xbe, 0x94, 0xca, 0x74, 0xbf, 0x78, 0x03, 0xe6, 0xbe,
    0x47, 0x11, 0x74, 0xbf, 0x08, 0x00, 0x00, 0x00, 0x78, 0x03, 0xe6, 0xbe,
    0x47, 0x11, 0x74, 0xbf, 0x11, 0x4a, 0xe4, 0xbe, 0x06, 0xd9, 0x71, 0xbf,
    0x67, 0x72, 0xe9, 0xbe, 0xa7, 0x9c, 0x6f, 0xbf, 0xf8, 0x95, 0xf0, 0xbe,
    0x5c, 0xb5, 0x6f, 0xbf, 0x3b, 0x84, 0xf5, 0xbe, 0xec, 0x78, 0x73, 0xbf,
    0x5f, 0x29, 0xf9, 0xbe, 0xd4, 0x76, 0x76, 0xbf, 0x01, 0xea, 0x00, 0xbf,
    0xd1, 0x83, 0x7b, 0xbf, 0x67, 0x02, 0x07, 0xbf, 0xb3, 0xbb, 0x80, 0xbf,
    0x08, 0x00, 0x00, 0x00, 0xbe, 0x18, 0x9d, 0xbe, 0x77, 0x77, 0x9b, 0xbf,
    0x46, 0x2d, 0xa3, 0xbe, 0x75, 0x5f, 0x9a, 0xbf, 0xba, 0x9e, 0xa9, 0xbe,
    0x47, 0x13, 0x9a, 0xbf, 0xb8, 0x66, 0xad, 0xbe, 0xad, 0xe6, 0x98, 0xbf,
    0x7b, 0x0d, 0xb6, 0xbe, 0xdc, 0x9b, 0x99, 0xbf, 0x97, 0x14, 0xc0, 0xbe,
    0x07, 0x67, 0x98, 0xbf, 0x5e, 0x64, 0xcc, 0xbe, 0x9b, 0x86, 0x97, 0xbf,
    0xbd, 0x2a, 0xcb, 0xbe, 0xd4, 0xea, 0x95, 0xbf, 0x03, 0x00, 0x00, 0x00,
    0x9d, 0xf6, 0xa3, 0xbe, 0x3f, 0x36, 0x9d, 0xbf, 0xf3, 0xad, 0xa1, 0xbe,
    0xd3, 0x0f, 0x9c, 0xbf, 0xbe, 0x18, 0x9d, 0xbe, 0x77, 0x77, 0x9b, 0xbf,
    0x18, 0x00, 0x00, 0x00, 0x6a, 0x0f, 0x15, 0xbe, 0xbf, 0x57, 0x09, 0x3f,
    0xc7, 0x3e, 0x13, 0xbe, 0xe8, 0x96, 0x07, 0x3f, 0x6d, 0x3d, 0x16, 0xbe,
    0xf9, 0x96, 0x01, 0x3f, 0x3f, 0x63, 0x18, 0xbe, 0x23, 0x62, 0x00, 0x3f,
    0xb4, 0xca, 0x23, 0xbe, 0xaa, 0x39, 0xfe, 0x3e, 0xde, 0xaf, 0x2b, 0xbe,
    0x22, 0x1c, 0x00, 0x3f, 0xdf, 0xd4, 0x40, 0xbe, 0xba, 0xa4, 0xfe, 0x3e,
    0x04, 0xc5, 0x52, 0xbe, 0xb7, 0x8c, 0xfd, 0x3e, 0x21, 0xf2, 0x55, 0xbe,
    0x62, 0xf6, 0xff, 0x3e, 0x3b, 0xe7, 0x5c, 0xbe, 0x0b, 0x1a, 0x03, 0x3f,
    0xa1, 0xaa, 0x59, 0xbe, 0xff, 0x52, 0x04, 0x3f, 0x82, 0xef, 0x6c, 0xbe,
    0xb4, 0xb1, 0x04, 0x3f, 0xca, 0xc8, 0x6c, 0xbe, 0xbc, 0x48, 0x01, 0x3f,
    0x04, 0xf4, 0x62, 0xbe, 0x9c, 0xe6, 0xfe, 0x3e, 0x8c, 0x54, 0x5b, 0xbe,
    0x58, 0x96, 0xfb, 0x3e, 0x8b, 0xd9, 0x58, 0xbe, 0x2b, 0xbc, 0xf4, 0x3e,
    0xee, 0x78, 0x4f, 0xbe, 0x90, 0xbd, 0xf2, 0x3e, 0x0b, 0x21, 0x55, 0xbe,
    0x83, 0x45, 0xed, 0x3e, 0x4c, 0x9e, 0x52, 0xbe, 0x37, 0x21, 0xe6, 0x3e,
    0xed, 0x82, 0x4a, 0xbe, 0x4e, 0x23, 0xe3, 0x3e, 0x02, 0xd9, 0x48, 0xbe,
    0xd8, 0x79, 0xdd, 0x3e, 0x2b, 0x4d, 0x49, 0xbe, 0xfc, 0x42, 0xd9, 0x3e,
    0x49, 0xbc, 0x43, 0xbe, 0x73, 0xc7, 0xd8, 0x3e, 0x21, 0x48, 0x43, 0xbe,
    0xd5, 0xb0, 0xd5, 0x3e, 0x1d, 0x00, 0x00, 0x00, 0x21, 0x48, 0x43, 0xbe,
    0xd5, 0xb0, 0xd5, 0x3e, 0x17, 0x39, 0x42, 0xbe, 0xea, 0x9a, 0xd1, 0x3e,
    0x4d, 0xea, 0x44, 0xbe, 0x65, 0x12, 0xcc, 0x3e, 0x24, 0x76, 0x44, 0xbe,
    0xe4, 0x2d, 0xc8, 0x3e, 0x50, 0x18, 0x46, 0xbe, 0xdf, 0xfd, 0xc5, 0x3e,
    0x56, 0xd4, 0x30, 0xbe, 0x68, 0x79, 0xc6, 0x3e, 0x6a, 0x34, 0x2a, 0xbe,
    0x7f, 0x7b, 0xc3, 0x3e, 0x5f, 0x39, 0x1f, 0xbe, 0x8c, 0xce, 0xc2, 0x3e,
    0x89, 0x74, 0x14, 0xbe, 0x35, 0x20, 0xc4, 0x3e, 0xec, 0x8e, 0x0d, 0xbe,
    0x04, 0x53, 0xc2, 0x3e, 0x2e, 0x4e, 0x02, 0xbe, 0xd6, 0x29, 0xc2, 0x3e,
    0xe7, 0x74, 0x02, 0xbe, 0x72, 0x52, 0xb7, 0x3e, 0xe4, 0x06, 0xf8, 0xbd,
    0x1a, 0x18, 0xb8, 0x3e, 0xde, 0x25, 0xf8, 0xbd, 0xa6, 0x86, 0xb3, 0x3e,
    0x1d, 0x61, 0xfe, 0xbd, 0x1d, 0x0b, 0xb3, 0x3e, 0x56, 0xc5, 0xff, 0xbd,
    0x98, 0x82, 0xad, 0x3e, 0x94, 0x4a, 0x0a, 0xbe, 0x57, 0x4a, 0xab, 0x3e,
    0xad, 0xc4, 0x0e, 0xbe, 0x72, 0xf0, 0xa9, 0x3e, 0xef, 0x41, 0x0c, 0xbe,
    0x2b, 0xfc, 0xa4, 0x3e, 0xad, 0xc4, 0x0e, 0xbe, 0xbb, 0x0e, 0xa2, 0x3e,
    0xa4, 0x30, 0x10, 0xbe, 0x62, 0x23, 0x9c, 0x3e, 0xc5, 0xd7, 0x06, 0xbe,
    0x69, 0xba, 0x98, 0x3e, 0xae, 0x10, 0x01, 0xbe, 0x56, 0xab, 0x96, 0x3e,
    0xaa, 0xb6, 0xec, 0xbd, 0x7d, 0x18, 0x94, 0x3e, 0x03, 0x18, 0xd2, 0xbd,
    0x78, 0xe8, 0x91, 0x3e, 0x1c, 0x9c, 0xd1, 0xbd, 0x96, 0x0e, 0x6f, 0x3e,
    0xbf, 0xe7, 0xd5, 0xbd, 0x6a, 0xc0, 0x68, 0x3e, 0x61, 0x3d, 0xd5, 0xbd,
    0xb9, 0x9a, 0x63, 0x3e, 0xec, 0x04, 0xda, 0xbd, 0x8a, 0x34, 0x5c, 0x3e,
    0x05, 0x00, 0x00, 0x00, 0xa5, 0xf2, 0xce, 0xbd, 0x2a, 0xb2, 0x59, 0x3e,
    0x66, 0x32, 0xcb, 0xbd, 0x9e, 0x43, 0x5e, 0x3e, 0x89, 0x96, 0xbb, 0xbd,
    0xdb, 0xd7, 0x5e, 0x3e, 0x62, 0x64, 0xb2, 0xbd, 0x0f, 0xbd, 0x61, 0x3e,
    0xe3, 0xe3, 0xaa, 0xbd, 0xa5, 0x3c, 0x68, 0x3e, 0x15, 0x00, 0x00, 0x00,
    0xe3, 0xe3, 0xaa, 0xbd, 0xa5, 0x3c, 0x68, 0x3e, 0x29, 0x85, 0xae, 0xbd,
    0x0a, 0xef, 0x6c, 0x3e, 0xe8, 0xd8, 0xa0, 0xbd, 0xcd, 0x0b, 0x73, 0x3e,
    0xd5, 0x35, 0xa1, 0xbd, 0x6a, 0xd3, 0x7c, 0x3e, 0x4e, 0x50, 0xab, 0xbd,
    0x6d, 0xeb, 0x7d, 0x3e, 0x87, 0xaa, 0xb1, 0xbd, 0x36, 0x4e, 0x82, 0x3e,
    0x06, 0x48, 0x9b, 0xbd, 0xd9, 0x94, 0x87, 0x3e, 0x0a, 0xcc, 0x89, 0xbd,
    0xc7, 0xc2, 0x8c, 0x3e, 0xab, 0xb9, 0x7c, 0xbd, 0x81, 0x0b, 0x8f, 0x3e,
    0x7c, 0xeb, 0x41, 0xbd, 0x25, 0xb9, 0x8e, 0x3e, 0xe0, 0xee, 0xf8, 0xbc,
    0xa7, 0x9d, 0x92, 0x3e, 0xa7, 0x5d, 0xaf, 0xbc, 0x92, 0xb3, 0x96, 0x3e,
    0x05, 0xcb, 0x54, 0xbc, 0xae, 0x96, 0x9c, 0x3e, 0xcd, 0xa2, 0xf2, 0xbb,
    0x38, 0x9e, 0x9d, 0x3e, 0x39, 0x33, 0x86, 0xba, 0xde, 0xd7, 0x9d, 0x3e,
    0x54, 0xe3, 0xa4, 0x3b, 0x78, 0x4a, 0x9f, 0x3e, 0x17, 0x95, 0x74, 0x3c,
    0x2c, 0xd7, 0x9e, 0x3e, 0x11, 0x19, 0xf9, 0x3c, 0x2e, 0xef, 0x9f, 0x3e,
    0x97, 0x13, 0x29, 0x3d, 0x23, 0xb4, 0xa1, 0x3e, 0xe8, 0x4f, 0x4f, 0x3d,
    0xb1, 0x5f, 0xa4, 0x3e, 0x3a, 0x82, 0x7a, 0x3d, 0x76, 0xe3, 0xa4, 0x3e,
    0x13, 0x00, 0x00, 0x00, 0x3a, 0x82, 0x7a, 0x3d, 0x76, 0xe3, 0xa4, 0x3e,
    0x1b, 0x2e, 0x96, 0x3d, 0x5a, 0xb1, 0xa5, 0x3e, 0x76, 0x54, 0xa8, 0x3d,
    0xcb, 0x2a, 0xa9, 0x3e, 0x26, 0xd3, 0xb3, 0x3d, 0xe5, 0xf5, 0xad, 0x3e,
    0x95, 0xb9, 0xa7, 0x3d, 0xd7, 0x53, 0xb5, 0x3e, 0x3b, 0x89, 0x9a, 0x3d,
    0x8a, 0x05, 0xbb, 0x3e, 0x73, 0xf7, 0x96, 0x3d, 0x5c, 0x8d, 0xc1, 0x3e,
    0x59, 0x02, 0x90, 0x3d, 0x20, 0x36, 0xc8, 0x3e, 0x82, 0x9b, 0xa5, 0x3d,
    0xae, 0xe1, 0xca, 0x3e, 0xf3, 0x63, 0xa8, 0x3d, 0xa2, 0x1a, 0xcc, 0x3e,
    0xad, 0xc2, 0xa4, 0x3d, 0x8d, 0x30, 0xd0, 0x3e, 0x97, 0x9b, 0xb6, 0x3d,
    0x58, 0x21, 0xda, 0x3e, 0x9c, 0x0b, 0xaf, 0x3d, 0x42, 0xab, 0xdd, 0x3e,
    0x64, 0x22, 0xb0, 0x3d, 0x76, 0x90, 0xe0, 0x3e, 0x27, 0xc9, 0xb8, 0x3d,
    0x1e, 0xe2, 0xe1, 0x3e, 0x09, 0xdf, 0xbb, 0x3d, 0x9e, 0x3a, 0xe5, 0x3e,
    0xca, 0x1e, 0xb8, 0x3d, 0xdb, 0xf3, 0xeb, 0x3e, 0xf5, 0x45, 0xb7, 0x3d,
    0xca, 0xad, 0xf1, 0x3e, 0xb1, 0x15, 0xbb, 0x3d, 0x3a, 0x9b, 0xf4, 0x3e,
    0x08, 0x00, 0x00, 0x00, 0xb1, 0x15, 0xbb, 0x3d, 0x3a, 0x9b, 0xf4, 0x3e,
    0xa0, 0x8f, 0x9d, 0x3d, 0x0a, 0x0b, 0xfa, 0x3e, 0xfc, 0x43, 0x99, 0x3d,
    0x40, 0x08, 0xfe, 0x3e, 0x48, 0x41, 0x9f, 0x3d, 0xf6, 0x38, 0x00, 0x3f,
    0x42, 0xe5, 0x9c, 0x3d, 0x09, 0x48, 0x02, 0x3f, 0x3d, 0x75, 0xa4, 0x3d,
    0x4b, 0xc6, 0x04, 0x3f, 0x4d, 0x36, 0x95, 0x3d, 0x11, 0xd6, 0x05, 0x3f,
    0x28, 0xdf, 0x7a, 0x3d, 0xcf, 0xc2, 0x09, 0x3f, 0x0a, 0x00, 0x00, 0x00,
    0x28, 0xdf, 0x7a, 0x3d, 0xcf, 0xc2, 0x09, 0x3f, 0xf4, 0x42, 0x27, 0x3d,
    0xec, 0x80, 0x09, 0x3f, 0xe6, 0x94, 0x1d, 0x3d, 0x00, 0x4a, 0x0b, 0x3f,
    0x01, 0x2c, 0x04, 0x3d, 0x84, 0xdb, 0x09, 0x3f, 0xa3, 0x59, 0xe2, 0x3c,
    0xe9, 0x22, 0x08, 0x3f, 0x9d, 0xd0, 0x97, 0x3c, 0x6d, 0x6e, 0x06, 0x3f,
    0xde, 0x03, 0x2b, 0x3c, 0x7a, 0x7b, 0x05, 0x3f, 0xc6, 0x87, 0x6b, 0xbb,
    0xb6, 0x3d, 0x05, 0x3f, 0x11, 0xc8, 0x27, 0xbc, 0x0e, 0x32, 0x04, 0x3f,
    0x59, 0xd2, 0xbf, 0xbc, 0xd1, 0x29, 0x04, 0x3f, 0x05, 0x00, 0x00, 0x00,
    0x59, 0xd2, 0xbf, 0xbc, 0xd1, 0x29, 0x04, 0x3f, 0x53, 0xc0, 0xe7, 0xbc,
    0x65, 0xe0, 0x02, 0x3f, 0xa1, 0x58, 0x1e, 0xbd, 0x37, 0xb7, 0x02, 0x3f,
    0x83, 0xe9, 0x23, 0xbd, 0xbe, 0x1a, 0x02, 0x3f, 0xa9, 0xfe, 0x4a, 0xbd,
    0xae, 0xaf, 0x01, 0x3f, 0x03, 0x00, 0x00, 0x00, 0xa9, 0xfe, 0x4a, 0xbd,
    0xae, 0xaf, 0x01, 0x3f, 0x25, 0x6c, 0x6b, 0xbd, 0xec, 0xcf, 0x02, 0x3f,
    0xe8, 0xd8, 0xa0, 0xbd, 0xed, 0x15, 0x03, 0x3f, 0x04, 0x00, 0x00, 0x00,
    0x87, 0xb4, 0xf0, 0xbc, 0xa5, 0xce, 0x39, 0x3f, 0x82, 0x38, 0x75, 0xbc,
    0x36, 0x27, 0x37, 0x3f, 0x8f, 0x15, 0x47, 0x3d, 0xdb, 0x1a, 0x37, 0x3f,
    0xa3, 0x13, 0x8c, 0x3d, 0x7b, 0x03, 0x3b, 0x3f, 0x06, 0x00, 0x00, 0x00,
    0xa3, 0x13, 0x8c, 0x3d, 0x7b, 0x03, 0x3b, 0x3f, 0x60, 0x54, 0x97, 0x3d,
    0x6e, 0x3c, 0x3c, 0x3f, 0xbe, 0xfe, 0x97, 0x3d, 0x66, 0x19, 0x3f, 0x3f,
    0x2c, 0x39, 0xb1, 0x3d, 0x7e, 0x12, 0x43, 0x3f, 0xdb, 0xcb, 0xb2, 0x3d,
    0x22, 0xe5, 0x48, 0x3f, 0xe7, 0x07, 0x0f, 0x3e, 0x99, 0x85, 0x55, 0x3f,
    0x07, 0x00, 0x00, 0x00, 0xe7, 0x07, 0x0f, 0x3e, 0x99, 0x85, 0x55, 0x3f,
    0xa8, 0xf1, 0x1d, 0x3e, 0x73, 0xa4, 0x58, 0x3f, 0xb3, 0xec, 0x28, 0x3e,
    0x2c, 0xa7, 0x5a, 0x3f, 0xd4, 0x3d, 0x32, 0x3e, 0x2c, 0xa7, 0x5a, 0x3f,
    0x35, 0x45, 0x44, 0x3e, 0x2c, 0xa7, 0x5a, 0x3f, 0xb9, 0xa6, 0x4b, 0x3e,
    0x4a, 0xab, 0x5a, 0x3f, 0x6b, 0xec, 0x4b, 0x3e, 0x86, 0xb3, 0x5a, 0x3f,
    0x08, 0x00, 0x00, 0x00, 0x94, 0xeb, 0x87, 0xbc, 0x48, 0x7b, 0x17, 0x3f,
    0xfc, 0xfe, 0xfc, 0x3a, 0xee, 0x6e, 0x17, 0x3f, 0xa2, 0x4c, 0x13, 0x3c,
    0x5a, 0xb8, 0x18, 0x3f, 0x4e, 0x45, 0xa8, 0x3c, 0x7d, 0xec, 0x1a, 0x3f,
    0x2d, 0x49, 0x08, 0x3d, 0x63, 0x8c, 0x1c, 0x3f, 0xb2, 0x52, 0x5a, 0x3d,
    0xe6, 0x91, 0x1a, 0x3f, 0x80, 0x23, 0x7e, 0x3d, 0x21, 0x0e, 0x1a, 0x3f,
    0x41, 0xef, 0x97, 0x3d, 0x95, 0xee, 0x17, 0x3f, 0x03, 0x00, 0x00, 0x00,
    0x41, 0xef, 0x97, 0x3d, 0x95, 0xee, 0x17, 0x3f, 0xfa, 0x3a, 0xad, 0x3d,
    0xb9, 0xae, 0x1a, 0x3f, 0x3c, 0xd3, 0xc4, 0x3d, 0xde, 0xb4, 0x1d, 0x3f,
    0x0e, 0x00, 0x00, 0x00, 0x3c, 0xd3, 0xc4, 0x3d, 0xde, 0xb4, 0x1d, 0x3f,
    0xf0, 0xd5, 0xbe, 0x3d, 0xf2, 0x09, 0x20, 0x3f, 0xf9, 0xbf, 0xaa, 0x3d,
    0xf2, 0x09, 0x20, 0x3f, 0x55, 0x03, 0x9f, 0x3d, 0x23, 0x91, 0x21, 0x3f,
    0x55, 0x03, 0x9f, 0x3d, 0xdf, 0xab, 0x24, 0x3f, 0x6f, 0xa4, 0x80, 0x3d,
    0x55, 0x55, 0x2a, 0x3f, 0x82, 0x47, 0x80, 0x3d, 0x94, 0xbb, 0x2b, 0x3f,
    0x50, 0x3f, 0x81, 0x3d, 0x3c, 0xc7, 0x2c, 0x3f, 0x47, 0x44, 0x7a, 0x3d,
    0x8a, 0xc6, 0x2d, 0x3f, 0x6b, 0x94, 0x74, 0x3d, 0x54, 0xc0, 0x30, 0x3f,
    0xb5, 0x3b, 0x89, 0x3d, 0xfd, 0x11, 0x32, 0x3f, 0x34, 0x2d, 0x98, 0x3d,
    0xe8, 0x27, 0x36, 0x3f, 0xa3, 0x13, 0x8c, 0x3d, 0x1a, 0xf5, 0x37, 0x3f,
    0xa3, 0x13, 0x8c, 0x3d, 0x7b, 0x03, 0x3b, 0x3f, 0x08, 0x00, 0x00, 0x00,
    0x97, 0x15, 0x13, 0x3e, 0xb5, 0x8b, 0xdb, 0x3e, 0x85, 0xe3, 0x1a, 0x3e,
    0xc4, 0xb9, 0xd4, 0x3e, 0xfd, 0x07, 0x20, 0x3e, 0x27, 0xa3, 0xd1, 0x3e,
    0xdf, 0x98, 0x25, 0x3e, 0xe9, 0x0e, 0xd1, 0x3e, 0xe0, 0x09, 0x2d, 0x3e,
    0x83, 0x81, 0xd2, 0x3e, 0x29, 0x54, 0x34, 0x3e, 0x47, 0x79, 0xd2, 0x3e,
    0xab, 0x7d, 0x3f, 0x3e, 0x95, 0x53, 0xcd, 0x3e, 0xe1, 0x24, 0x47, 0x3e,
    0x48, 0x54, 0xcc, 0x3e, 0x0f, 0x00, 0x00, 0x00, 0xe1, 0x24, 0x47, 0x3e,
    0x48, 0x54, 0xcc, 0x3e, 0x43, 0x78, 0x4b, 0x3e, 0xfd, 0x6c, 0xcc, 0x3e,
    0xb4, 0xbb, 0x50, 0x3e, 0xf5, 0x24, 0xc9, 0x3e, 0xde, 0x1b, 0x5b, 0x3e,
    0x40, 0x0c, 0xc9, 0x3e, 0x7c, 0x01, 0x62, 0x3e, 0x96, 0x2e, 0xc7, 0x3e,
    0x31, 0xfa, 0x60, 0x3e, 0x80, 0x07, 0xc4, 0x3e, 0x9f, 0x8a, 0x67, 0x3e,
    0x19, 0xee, 0xc4, 0x3e, 0xa0, 0xfb, 0x6e, 0x3e, 0x0f, 0x3f, 0xc7, 0x3e,
    0xe3, 0x64, 0x76, 0x3e, 0x85, 0x37, 0xc6, 0x3e, 0x89, 0xde, 0x7b, 0x3e,
    0x31, 0x2d, 0xc9, 0x3e, 0x99, 0x05, 0x80, 0x3e, 0x88, 0x4f, 0xc7, 0x3e,
    0xdd, 0x8a, 0x85, 0x3e, 0xba, 0xa8, 0xc9, 0x3e, 0x2b, 0x1f, 0x8c, 0x3e,
    0xa5, 0xbe, 0xcd, 0x3e, 0x6b, 0x80, 0x8b, 0x3e, 0x2f, 0x77, 0xd5, 0x3e,
    0x2b, 0xf8, 0xae, 0x3e, 0xe3, 0x03, 0xd5, 0x3e, 0x04, 0x00, 0x00, 0x00,
    0x2b, 0xf8, 0xae, 0x3e, 0xe3, 0x03, 0xd5, 0x3e, 0x6a, 0xb8, 0xb2, 0x3e,
    0x98, 0x1c, 0xd5, 0x3e, 0x28, 0xc0, 0xb2, 0x3e, 0xfa, 0x67, 0xdf, 0x3e,
    0x12, 0x99, 0xc4, 0x3e, 0xfa, 0x67, 0xdf, 0x3e, 0x04, 0x00, 0x00, 0x00,
    0x12, 0x99, 0xc4, 0x3e, 0xfa, 0x67, 0xdf, 0x3e, 0x12, 0x99, 0xc4, 0x3e,
    0x8f, 0xab, 0x01, 0x3f, 0x12, 0x99, 0xc4, 0x3e, 0x6b, 0xfe, 0x12, 0x3f,
    0x12, 0x99, 0xc4, 0x3e, 0x39, 0xb8, 0x24, 0x3f, 0x07, 0x00, 0x00, 0x00,
    0xe2, 0xd3, 0xa0, 0x3e, 0xc1, 0x9e, 0x2b, 0x3f, 0x08, 0xbb, 0x9b, 0x3e,
    0x26, 0x5a, 0x29, 0x3f, 0x74, 0x43, 0x9a, 0x3e, 0x1e, 0x12, 0x26, 0x3f,
    0xa0, 0x86, 0x97, 0x3e, 0xc1, 0xa7, 0x24, 0x3f, 0xf2, 0x94, 0x91, 0x3e,
    0x92, 0x38, 0x24, 0x3f, 0x15, 0x74, 0x84, 0x3e, 0x70, 0x4a, 0x22, 0x3f,
    0x4d, 0xe2, 0x80, 0x3e, 0xf9, 0xc5, 0x22, 0x3f, 0x09, 0x00, 0x00, 0x00,
    0x4d, 0xe2, 0x80, 0x3e, 0xf9, 0xc5, 0x22, 0x3f, 0xb0, 0x66, 0x72, 0x3e,
    0xac, 0x0c, 0x22, 0x3f, 0xba, 0xcb, 0x60, 0x3e, 0x7a, 0x3f, 0x20, 0x3f,
    0xc2, 0xee, 0x57, 0x3e, 0xb0, 0x8b, 0x1d, 0x3f, 0x3f, 0x4a, 0x4a, 0x3e,
    0xac, 0xa1, 0x1b, 0x3f, 0xf6, 0xff, 0x42, 0x3e, 0x60, 0x2e, 0x1b, 0x3f,
    0x79, 0xfa, 0x3d, 0x3e, 0xd3, 0x0e, 0x19, 0x3f, 0xba, 0x48, 0x2b, 0x3e,
    0x2b, 0xbd, 0x17, 0x3f, 0xb4, 0x38, 0x1b, 0x3e, 0xa3, 0xcd, 0x17, 0x3f,
    0x22, 0x00, 0x00, 0x00, 0xb4, 0x38, 0x1b, 0x3e, 0xa3, 0xcd, 0x17, 0x3f,
    0xe9, 0x22, 0x29, 0x3e, 0x49, 0xc1, 0x17, 0x3f, 0xd6, 0x7f, 0x29, 0x3e,
    0xb1, 0x20, 0x17, 0x3f, 0x8c, 0x64, 0x32, 0x3e, 0x48, 0x35, 0x17, 0x3f,
    0x91, 0x88, 0x38, 0x3e, 0x65, 0xad, 0x16, 0x3f, 0xe6, 0x94, 0x3f, 0x3e,
    0x8d, 0x60, 0x14, 0x3f, 0xcf, 0x77, 0x4c, 0x3e, 0x8b, 0xd4, 0x13, 0x3f,
    0x29, 0xa8, 0x59, 0x3e, 0x8d, 0x60, 0x14, 0x3f, 0xa9, 0xe5, 0x5a, 0x3e,
    0x5b, 0x4d, 0x12, 0x3f, 0x77, 0xe7, 0x56, 0x3e, 0x1e, 0xff, 0x11, 0x3f,
    0x25, 0xff, 0x55, 0x3e, 0x72, 0x4f, 0x0f, 0x3f, 0x72, 0xc3, 0x50, 0x3e,
    0x56, 0x63, 0x10, 0x3f, 0x5b, 0x06, 0x46, 0x3e, 0x0c, 0xc2, 0x10, 0x3f,
    0x53, 0x39, 0x3c, 0x3e, 0x25, 0x50, 0x0e, 0x3f, 0x6a, 0x56, 0x2f, 0x3e,
    0xe3, 0x17, 0x0c, 0x3f, 0x09, 0x7e, 0x2d, 0x3e, 0xed, 0xc6, 0x09, 0x3f,
    0xb0, 0xed, 0x37, 0x3e, 0x7b, 0x07, 0x06, 0x3f, 0xee, 0x3c, 0x34, 0x3e,
    0x1d, 0x57, 0x04, 0x3f, 0xf9, 0x08, 0x2f, 0x3e, 0xb2, 0xdf, 0x03, 0x3f,
    0xa7, 0xa5, 0x2b, 0x3e, 0xda, 0x92, 0x01, 0x3f, 0xe5, 0xf4, 0x27, 0x3e,
    0xcb, 0x6d, 0x01, 0x3f, 0xe5, 0xf4, 0x27, 0x3e, 0x55, 0xf2, 0xf9, 0x3e,
    0xa7, 0xa5, 0x2b, 0x3e, 0x61, 0xb9, 0xf8, 0x3e, 0x88, 0x40, 0x2c, 0x3e,
    0x43, 0x4a, 0xf2, 0x3e, 0x65, 0x32, 0x29, 0x3e, 0xb5, 0x12, 0xef, 0x3e,
    0x56, 0xbd, 0x2a, 0x3e, 0x91, 0x98, 0xec, 0x3e, 0x3f, 0x25, 0x35, 0x3e,
    0xe1, 0xfe, 0xe7, 0x3e, 0x81, 0x13, 0x3a, 0x3e, 0x92, 0x73, 0xe6, 0x3e,
    0x3f, 0xa0, 0x37, 0x3e, 0x74, 0x04, 0xe0, 0x3e, 0x6a, 0x56, 0x2f, 0x3e,
    0x8d, 0x92, 0xdd, 0x3e, 0x9f, 0x5d, 0x1f, 0x3e, 0x97, 0x41, 0xdb, 0x3e,
    0x0c, 0x02, 0x1c, 0x3e, 0x35, 0x33, 0xd8, 0x3e, 0xb1, 0x0a, 0x1a, 0x3e,
    0x2f, 0x77, 0xd5, 0x3e, 0x97, 0x15, 0x13, 0x3e, 0xb5, 0x8b, 0xdb, 0x3e,
    0x0f, 0x00, 0x00, 0x00, 0xe1, 0x24, 0x47, 0x3e, 0x48, 0x54, 0xcc, 0x3e,
    0xbe, 0x16, 0x44, 0x3e, 0xd1, 0xaa, 0xc6, 0x3e, 0xf2, 0xdb, 0x3c, 0x3e,
    0x9a, 0x21, 0xc2, 0x3e, 0x1e, 0x59, 0x29, 0x3e, 0x40, 0xaa, 0xbb, 0x3e,
    0x06, 0x17, 0x21, 0x3e, 0xc4, 0x44, 0xb3, 0x3e, 0xce, 0x2d, 0x22, 0x3e,
    0x65, 0x9d, 0xaa, 0x3e, 0xa2, 0x8b, 0x20, 0x3e, 0x05, 0x1b, 0xa8, 0x3e,
    0xe6, 0x40, 0x1a, 0x3e, 0x9d, 0x01, 0xa9, 0x3e, 0xe8, 0xfd, 0x13, 0x3e,
    0x75, 0x57, 0xa4, 0x3e, 0xce, 0x08, 0x0d, 0x3e, 0xa8, 0x8b, 0xa0, 0x3e,
    0xae, 0x32, 0x06, 0x3e, 0x34, 0x49, 0x95, 0x3e, 0x5d, 0x40, 0x0a, 0x3e,
    0xf3, 0x10, 0x93, 0x3e, 0x8c, 0x95, 0x0a, 0x3e, 0x1d, 0x96, 0x91, 0x3e,
    0x78, 0xfc, 0x05, 0x3e, 0xdd, 0xe9, 0x8f, 0x3e, 0xbd, 0xa7, 0x04, 0x3e,
    0xea, 0x8b, 0x88, 0x3e, 0x0e, 0x00, 0x00, 0x00, 0xbd, 0xa7, 0x04, 0x3e,
    0xea, 0x8b, 0x88, 0x3e, 0xc4, 0x7e, 0x09, 0x3e, 0x0c, 0xee, 0x89, 0x3e,
    0x8b, 0xce, 0x15, 0x3e, 0x8d, 0x21, 0x87, 0x3e, 0xce, 0x37, 0x1d, 0x3e,
    0x5d, 0xe0, 0x85, 0x3e, 0x32, 0x3e, 0x20, 0x3e, 0xdb, 0xfb, 0x81, 0x3e,
    0xd9, 0xad, 0x2a, 0x3e, 0x72, 0x6a, 0x79, 0x3e, 0x67, 0x1e, 0x33, 0x3e,
    0xb7, 0x46, 0x7d, 0x3e, 0xc4, 0x4d, 0x31, 0x3e, 0x46, 0xb9, 0x82, 0x3e,
    0x03, 0x93, 0x32, 0x3e, 0xa7, 0x3b, 0x85, 0x3e, 0x8c, 0x64, 0x32, 0x3e,
    0x2a, 0x38, 0x8a, 0x3e, 0x09, 0xa3, 0x42, 0x3e, 0x98, 0x5c, 0x85, 0x3e,
    0x66, 0x86, 0x4e, 0x3e, 0xf3, 0xae, 0x85, 0x3e, 0x04, 0x62, 0x5a, 0x3e,
    0xb5, 0x1a, 0x85, 0x3e, 0x38, 0xd1, 0x65, 0x3e, 0x8f, 0x88, 0x81, 0x3e,
    0x0e, 0x00, 0x00, 0x00, 0x38, 0xd1, 0x65, 0x3e, 0x8f, 0x88, 0x81, 0x3e,
    0xc6, 0x41, 0x6e, 0x3e, 0x28, 0x6f, 0x82, 0x3e, 0x71, 0xa6, 0x6e, 0x3e,
    0x72, 0x6a, 0x79, 0x3e, 0x22, 0x25, 0x7a, 0x3e, 0x72, 0x6a, 0x79, 0x3e,
    0x87, 0x62, 0x80, 0x3e, 0x43, 0x04, 0x72, 0x3e, 0xe9, 0x26, 0x8c, 0x3e,
    0xcd, 0xbc, 0x79, 0x3e, 0x98, 0x93, 0x94, 0x3e, 0xcb, 0x41, 0x88, 0x3e,
    0x22, 0x35, 0xa0, 0x3e, 0x54, 0xbd, 0x88, 0x3e, 0x9d, 0x57, 0xb2, 0x3e,
    0x89, 0x2e, 0x8c, 0x3e, 0x18, 0x2f, 0xb6, 0x3e, 0xac, 0x1c, 0x8e, 0x3e,
    0x1a, 0x41, 0xb9, 0x3e, 0x58, 0x61, 0x8a, 0x3e, 0x08, 0x19, 0xbc, 0x3e,
    0x67, 0x40, 0x8a, 0x3e, 0x70, 0x69, 0xbe, 0x3e, 0xe7, 0xe7, 0x86, 0x3e,
    0xc6, 0x4f, 0xcc, 0x3e, 0xe2, 0xb7, 0x84, 0x3e, 0x04, 0x00, 0x00, 0x00,
    0xc6, 0x4f, 0xcc, 0x3e, 0xe2, 0xb7, 0x84, 0x3e, 0x6a, 0x32, 0xd1, 0x3e,
    0xd8, 0xb9, 0x8d, 0x3e, 0x5b, 0x13, 0xc0, 0x3e, 0xdd, 0x5e, 0xb1, 0x3e,
    0x2b, 0xf8, 0xae, 0x3e, 0xe3, 0x03, 0xd5, 0x3e, 0x06, 0x00, 0x00, 0x00,
    0x0d, 0x2a, 0xb0, 0x3e, 0x27, 0x34, 0xa0, 0xbf, 0x27, 0x4f, 0xab, 0x3e,
    0xbe, 0x02, 0xa0, 0xbf, 0x58, 0xdc, 0xa7, 0x3e, 0xfa, 0x2d, 0xa0, 0xbf,
    0x05, 0x5d, 0xa6, 0x3e, 0xfb, 0xb9, 0xa0, 0xbf, 0xaf, 0xaf, 0xa3, 0x3e,
    0xcd, 0x27, 0xa0, 0xbf, 0x4c, 0x40, 0xa1, 0x3e, 0x18, 0x32, 0xa0, 0xbf,
    0x03, 0x00, 0x00, 0x00, 0xc4, 0xbd, 0x72, 0x3f, 0x90, 0x23, 0xcb, 0x3e,
    0x58, 0xac, 0x72, 0x3f, 0x2f, 0xb3, 0xba, 0x3e, 0x0e, 0x2e, 0x73, 0x3f,
    0x9d, 0xb2, 0xaf, 0x3e, 0x05, 0x00, 0x00, 0x00, 0x2e, 0x97, 0x76, 0x3f,
    0xaf, 0x0b, 0xbe, 0x3e, 0xc6, 0xcf, 0x75, 0x3f, 0x3d, 0x68, 0xc7, 0x3e,
    0xcb, 0x19, 0x75, 0x3f, 0x36, 0x5d, 0xcb, 0x3e, 0x2a, 0xe0, 0x73, 0x3f,
    0x25, 0x66, 0xca, 0x3e, 0xc4, 0xbd, 0x72, 0x3f, 0x90, 0x23, 0xcb, 0x3e,
    0x02, 0x00, 0x00, 0x00, 0xc3, 0xa3, 0x3c, 0x3f, 0x40, 0x15, 0x12, 0x40,
    0x1a, 0x6d, 0x3d, 0x3f, 0x1a, 0xed, 0x11, 0x40, 0x21, 0x00, 0x00, 0x00,
    0x1a, 0x6d, 0x3d, 0x3f, 0x1a, 0xed, 0x11, 0x40, 0xe6, 0xb1, 0x3f, 0x3f,
    0x0b, 0xeb, 0x11, 0x40, 0xdf, 0xd0, 0x3f, 0x3f, 0x39, 0x7d, 0x12, 0x40,
    0x30, 0x18, 0x45, 0x3f, 0x67, 0xa6, 0x12, 0x40, 0xcb, 0xeb, 0x48, 0x3f,
    0x40, 0x5b, 0x12, 0x40, 0x7a, 0x7e, 0x4a, 0x3f, 0x43, 0x50, 0x13, 0x40,
    0x23, 0xb5, 0x49, 0x3f, 0x37, 0xac, 0x14, 0x40, 0x53, 0x0e, 0x4e, 0x3f,
    0xb1, 0x6b, 0x15, 0x40, 0xe7, 0xf2, 0x52, 0x3f, 0x85, 0xce, 0x15, 0x40,
    0x13, 0x95, 0x54, 0x3f, 0xab, 0x3c, 0x16, 0x40, 0x04, 0x9b, 0x58, 0x3f,
    0xf8, 0xd2, 0x16, 0x40, 0x38, 0x48, 0x57, 0x3f, 0x74, 0xfa, 0x14, 0x40,
    0x23, 0x85, 0x55, 0x3f, 0x62, 0x03, 0x14, 0x40, 0x13, 0x87, 0x55, 0x3f,
    0xee, 0x4f, 0x12, 0x40, 0x8b, 0xb9, 0x59, 0x3f, 0xa1, 0xdc, 0x11, 0x40,
    0xa7, 0xe6, 0x5c, 0x3f, 0xf1, 0x89, 0x10, 0x40, 0x8e, 0x54, 0x5e, 0x3f,
    0xb8, 0x98, 0x0e, 0x40, 0x7d, 0xb5, 0x62, 0x3f, 0xb0, 0x2e, 0x0e, 0x40,
    0x40, 0x74, 0x65, 0x3f, 0xd4, 0xca, 0x0d, 0x40, 0xfd, 0x5f, 0x67, 0x3f,
    0xc4, 0x5f, 0x0d, 0x40, 0xd5, 0xe1, 0x6b, 0x3f, 0xb4, 0xae, 0x0c, 0x40,
    0xf1, 0x85, 0x6d, 0x3f, 0x84, 0xb3, 0x0b, 0x40, 0xac, 0xda, 0x6e, 0x3f,
    0x4c, 0x08, 0x0a, 0x40, 0xb2, 0xbb, 0x6e, 0x3f, 0x6e, 0x8c, 0x08, 0x40,
    0x7c, 0xee, 0x6d, 0x3f, 0x45, 0x29, 0x07, 0x40, 0x4e, 0xb5, 0x6b, 0x3f,
    0x87, 0x3d, 0x06, 0x40, 0x55, 0xa4, 0x6a, 0x3f, 0x01, 0xda, 0x06, 0x40,
    0x34, 0x2d, 0x68, 0x3f, 0x1f, 0xde, 0x06, 0x40, 0x4d, 0xbf, 0x66, 0x3f,
    0x8e, 0x3e, 0x06, 0x40, 0x71, 0x01, 0x62, 0x3f, 0x2a, 0x3c, 0x05, 0x40,
    0x16, 0x0a, 0x60, 0x3f, 0x41, 0x3f, 0x05, 0x40, 0xf7, 0x37, 0x5d, 0x3f,
    0xb6, 0xab, 0x03, 0x40, 0xb0, 0xe7, 0x5e, 0x3f, 0xe7, 0x54, 0x02, 0x40,
    0x1e, 0x00, 0x00, 0x00, 0xb0, 0xe7, 0x5e, 0x3f, 0xe7, 0x54, 0x02, 0x40,
    0xd3, 0x88, 0x5e, 0x3f, 0x28, 0x00, 0x01, 0x40, 0x26, 0x08, 0x60, 0x3f,
    0xdc, 0x69, 0x00, 0x40, 0x1e, 0x82, 0x60, 0x3f, 0xf0, 0x7d, 0xff, 0x3f,
    0xc0, 0x5c, 0x5d, 0x3f, 0xf8, 0x37, 0xfc, 0x3f, 0x06, 0x9f, 0x5c, 0x3f,
    0x6a, 0x46, 0xf9, 0x3f, 0x5f, 0x84, 0x5b, 0x3f, 0x65, 0x39, 0xf7, 0x3f,
    0x39, 0x3e, 0x5c, 0x3f, 0xc8, 0x68, 0xf4, 0x3f, 0x9c, 0x32, 0x5c, 0x3f,
    0x96, 0x55, 0xf2, 0x3f, 0x46, 0x7b, 0x5e, 0x3f, 0xb1, 0xfb, 0xf0, 0x3f,
    0x18, 0xa1, 0x60, 0x3f, 0xac, 0xcb, 0xee, 0x3f, 0x19, 0x38, 0x61, 0x3f,
    0x3e, 0x8d, 0xec, 0x3f, 0x18, 0xa1, 0x60, 0x3f, 0x92, 0xba, 0xe9, 0x3f,
    0x12, 0xce, 0x5f, 0x3f, 0x15, 0x9d, 0xe7, 0x3f, 0x32, 0xae, 0x61, 0x3f,
    0xe0, 0x71, 0xe4, 0x3f, 0xd5, 0x07, 0x65, 0x3f, 0xc1, 0x04, 0xe4, 0x3f,
    0x1a, 0x2e, 0x66, 0x3f, 0x7f, 0x63, 0xe1, 0x3f, 0xaf, 0xb3, 0x66, 0x3f,
    0xa8, 0x5c, 0xdf, 0x3f, 0x10, 0x8c, 0x68, 0x3f, 0x57, 0xdc, 0xdc, 0x3f,
    0x3f, 0xeb, 0x63, 0x3f, 0x60, 0x8b, 0xda, 0x3f, 0x86, 0x49, 0x61, 0x3f,
    0x08, 0x74, 0xdb, 0x3f, 0xd6, 0x2d, 0x5e, 0x3f, 0x21, 0x48, 0xd9, 0x3f,
    0x5c, 0x4c, 0x5f, 0x3f, 0x74, 0x0c, 0xd6, 0x3f, 0xf4, 0x76, 0x5f, 0x3f,
    0x24, 0xd2, 0xd3, 0x3f, 0x48, 0x8d, 0x61, 0x3f, 0x30, 0x53, 0xd2, 0x3f,
    0xc5, 0x9c, 0x61, 0x3f, 0x2a, 0x00, 0xd0, 0x3f, 0x1e, 0xfd, 0x62, 0x3f,
    0xea, 0x0d, 0xce, 0x3f, 0xea, 0xe2, 0x60, 0x3f, 0x00, 0xa7, 0xca, 0x3f,
    0x80, 0x09, 0x5d, 0x3f, 0xc9, 0x63, 0xc6, 0x3f, 0x08, 0x44, 0x5c, 0x3f,
    0x97, 0x0a, 0xc4, 0x3f, 0x02, 0x00, 0x00, 0x00, 0x08, 0x44, 0x5c, 0x3f,
    0x97, 0x0a, 0xc4, 0x3f, 0x2b, 0xe5, 0x5b, 0x3f, 0x2b, 0x2a, 0xc3, 0x3f,
    0x06, 0x00, 0x00, 0x00, 0x51, 0xcd, 0x3a, 0x3f, 0xa1, 0x13, 0x59, 0x3f,
    0x8e, 0x00, 0x39, 0x3f, 0x13, 0x68, 0x56, 0x3f, 0x28, 0xde, 0x37, 0x3f,
    0x6c, 0xa2, 0x55, 0x3f, 0x99, 0x2b, 0x38, 0x3f, 0x0d, 0xac, 0x53, 0x3f,
    0x9d, 0xe2, 0x3a, 0x3f, 0x8e, 0x99, 0x50, 0x3f, 0x55, 0x09, 0x3b, 0x3f,
    0x5e, 0x58, 0x4f, 0x3f, 0x0a, 0x00, 0x00, 0x00, 0x55, 0x09, 0x3b, 0x3f,
    0x5e, 0x58, 0x4f, 0x3f, 0x90, 0x12, 0x3c, 0x3f, 0xc1, 0x87, 0x4c, 0x3f,
    0x12, 0xe7, 0x3d, 0x3f, 0xbe, 0x29, 0x4b, 0x3f, 0x22, 0xd7, 0x3e, 0x3f,
    0x3c, 0xff, 0x46, 0x3f, 0x16, 0x23, 0x3e, 0x3f, 0x54, 0x47, 0x44, 0x3f,
    0x0b, 0xf8, 0x3e, 0x3f, 0xac, 0x81, 0x43, 0x3f, 0xed, 0x1b, 0x41, 0x3f,
    0x26, 0x6d, 0x3d, 0x3f, 0xc8, 0xd5, 0x41, 0x3f, 0xf9, 0xd8, 0x36, 0x3f,
    0x50, 0x99, 0x42, 0x3f, 0x4b, 0x11, 0x33, 0x3f, 0xcb, 0x11, 0x42, 0x3f,
    0x49, 0x85, 0x32, 0x3f, 0x17, 0x00, 0x00, 0x00, 0x11, 0x75, 0x52, 0x3f,
    0xa1, 0xc8, 0x2a, 0x3f, 0x4b, 0x70, 0x54, 0x3f, 0xb1, 0xed, 0x2a, 0x3f,
    0xbb, 0xaf, 0x55, 0x3f, 0x89, 0x3a, 0x2d, 0x3f, 0xfa, 0x02, 0x56, 0x3f,
    0x38, 0x8e, 0x31, 0x3f, 0x5d, 0x80, 0x57, 0x3f, 0x67, 0x43, 0x32, 0x3f,
    0x7e, 0xf7, 0x59, 0x3f, 0x19, 0x44, 0x31, 0x3f, 0xa6, 0x4f, 0x5c, 0x3f,
    0x69, 0x15, 0x33, 0x3f, 0x93, 0x9e, 0x5d, 0x3f, 0x0e, 0x09, 0x33, 0x3f,
    0x48, 0x12, 0x5f, 0x3f, 0xc3, 0x70, 0x2c, 0x3f, 0xaa, 0x06, 0x5f, 0x3f,
    0xae, 0xd5, 0x29, 0x3f, 0xee, 0x1e, 0x61, 0x3f, 0x6c, 0x11, 0x27, 0x3f,
    0xf3, 0x68, 0x60, 0x3f, 0x55, 0xa4, 0x23, 0x3f, 0xa2, 0xfb, 0x61, 0x3f,
    0xdf, 0xfa, 0x1d, 0x3f, 0x35, 0xdc, 0x62, 0x3f, 0x94, 0x13, 0x1e, 0x3f,
    0xd1, 0xcb, 0x64, 0x3f, 0xea, 0x7b, 0x1c, 0x3f, 0xf6, 0x03, 0x65, 0x3f,
    0xc4, 0xe9, 0x18, 0x3f, 0x3f, 0x66, 0x66, 0x3f, 0x0f, 0x8b, 0x18, 0x3f,
    0x90, 0x4e, 0x67, 0x3f, 0x4d, 0xab, 0x19, 0x3f, 0x2e, 0xd5, 0x69, 0x3f,
    0x56, 0xce, 0x16, 0x3f, 0xd5, 0x66, 0x69, 0x3f, 0x69, 0x2c, 0x12, 0x3f,
    0xe9, 0xa0, 0x69, 0x3f, 0x85, 0xd2, 0x10, 0x3f, 0x7d, 0x9d, 0x68, 0x3f,
    0x46, 0xb2, 0x0f, 0x3f, 0x04, 0xca, 0x68, 0x3f, 0x06, 0x06, 0x0e, 0x3f,
    0x11, 0x00, 0x00, 0x00, 0x04, 0xca, 0x68, 0x3f, 0x06, 0x06, 0x0e, 0x3f,
    0xc1, 0xa7, 0x6b, 0x3f, 0x03, 0xee, 0x0c, 0x3f, 0x34, 0x23, 0x6d, 0x3f,
    0x3d, 0xde, 0x0b, 0x3f, 0xaf, 0x8d, 0x6d, 0x3f, 0x99, 0xbc, 0x0c, 0x3f,
    0xf7, 0x66, 0x6d, 0x3f, 0xfc, 0x56, 0x10, 0x3f, 0xb5, 0x60, 0x6e, 0x3f,
    0xb5, 0x13, 0x12, 0x3f, 0xa8, 0x90, 0x6f, 0x3f, 0x48, 0xca, 0x10, 0x3f,
    0xff, 0x59, 0x70, 0x3f, 0x41, 0xc8, 0x0d, 0x3f, 0x25, 0x29, 0x71, 0x3f,
    0x24, 0x0a, 0x0e, 0x3f, 0x3b, 0xfa, 0x71, 0x3f, 0xd4, 0x38, 0x0c, 0x3f,
    0x75, 0xe7, 0x74, 0x3f, 0x56, 0x6c, 0x09, 0x3f, 0x47, 0x1b, 0x76, 0x3f,
    0x67, 0x63, 0x0a, 0x3f, 0x8b, 0x33, 0x78, 0x3f, 0x39, 0xf4, 0x09, 0x3f,
    0x84, 0x44, 0x79, 0x3f, 0x2f, 0x94, 0x05, 0x3f, 0x00, 0xbd, 0x78, 0x3f,
    0xfc, 0x3a, 0x03, 0x3f, 0xa7, 0xd7, 0x79, 0x3f, 0x64, 0x9a, 0x02, 0x3f,
    0x1d, 0xf8, 0x7a, 0x3f, 0xc2, 0xc7, 0xfb, 0x3e, 0x04, 0x00, 0x00, 0x00,
    0x1d, 0xf8, 0x7a, 0x3f, 0xc2, 0xc7, 0xfb, 0x3e, 0xd6, 0x99, 0x7d, 0x3f,
    0xcb, 0xea, 0xf8, 0x3e, 0x76, 0xc5, 0x7f, 0x3f, 0x23, 0x25, 0xf8, 0x3e,
    0x61, 0x66, 0x80, 0x3f, 0x92, 0xd5, 0xf3, 0x3e, 0x05, 0x00, 0x00, 0x00,
    0x61, 0x66, 0x80, 0x3f, 0x92, 0xd5, 0xf3, 0x3e, 0x64, 0x1b, 0x81, 0x3f,
    0xd7, 0xb1, 0xf7, 0x3e, 0xc1, 0x30, 0x83, 0x3f, 0x4a, 0x06, 0xf5, 0x3e,
    0xd7, 0x7a, 0x84, 0x3f, 0xef, 0x64, 0xfb, 0x3e, 0x8b, 0xde, 0x84, 0x3f,
    0x0a, 0x0b, 0xfa, 0x3e, 0x0c, 0x00, 0x00, 0x00, 0x1d, 0x2a, 0x87, 0x3f,
    0xed, 0xd8, 0xfa, 0x3e, 0xf2, 0x04, 0x8a, 0x3f, 0x6e, 0xfa, 0x06, 0x3f,
    0x07, 0x4f, 0x8b, 0x3f, 0xd2, 0x20, 0x0b, 0x3f, 0x65, 0x72, 0x8c, 0x3f,
    0x30, 0xd1, 0x0c, 0x3f, 0x6e, 0xfa, 0x8d, 0x3f, 0xc7, 0x34, 0x06, 0x3f,
    0x1b, 0x6f, 0x8f, 0x3f, 0x16, 0x06, 0x08, 0x3f, 0x06, 0x19, 0x91, 0x3f,
    0xa4, 0x00, 0x04, 0x3f, 0xd3, 0x02, 0x93, 0x3f, 0xab, 0x02, 0x07, 0x3f,
    0x48, 0x8e, 0x95, 0x3f, 0x9f, 0xd0, 0x01, 0x3f, 0x0a, 0x3d, 0x97, 0x3f,
    0xc6, 0xee, 0x05, 0x3f, 0x6d, 0xba, 0x98, 0x3f, 0x6d, 0x31, 0xfe, 0x3e,
    0x2d, 0x4b, 0x9a, 0x3f, 0x16, 0x83, 0xff, 0x3e, 0x03, 0x00, 0x00, 0x00,
    0x2d, 0x4b, 0x9a, 0x3f, 0x16, 0x83, 0xff, 0x3e, 0x72, 0x7f, 0x9a, 0x3f,
    0xee, 0x5b, 0x03, 0x3f, 0xdc, 0x64, 0x9b, 0x3f, 0xa4, 0xf7, 0x0a, 0x3f,
    0x06, 0x00, 0x00, 0x00, 0xd4, 0x67, 0x4d, 0x3f, 0xf8, 0x63, 0x15, 0x3f,
    0x7c, 0x82, 0x4e, 0x3f, 0x92, 0x90, 0x16, 0x3f, 0x9d, 0x8c, 0x4d, 0x3f,
    0xe4, 0xbf, 0x19, 0x3f, 0x16, 0x60, 0x4d, 0x3f, 0x60, 0x2e, 0x1b, 0x3f,
    0x93, 0x7d, 0x4c, 0x3f, 0x9d, 0xc2, 0x1b, 0x3f, 0xba, 0x5a, 0x4c, 0x3f,
    0x90, 0x6f, 0x1c, 0x3f, 0x0a, 0x00, 0x00, 0x00, 0x2d, 0x4b, 0x9a, 0x3f,
    0x16, 0x83, 0xff, 0x3e, 0xec, 0xdb, 0x9b, 0x3f, 0x53, 0xa3, 0x01, 0x3f,
    0x67, 0xbf, 0x9c, 0x3f, 0xc8, 0xd2, 0xf7, 0x3e, 0xcd, 0xfd, 0x9b, 0x3f,
    0x40, 0xf5, 0xe9, 0x3e, 0xaa, 0x5a, 0x9a, 0x3f, 0xf9, 0x8c, 0xe5, 0x3e,
    0x0d, 0x5d, 0x99, 0x3f, 0x8c, 0x06, 0xdd, 0x3e, 0x79, 0xe7, 0x99, 0x3f,
    0x58, 0x70, 0xd3, 0x3e, 0x66, 0xcb, 0x99, 0x3f, 0x10, 0xcb, 0xc7, 0x3e,
    0x6a, 0xf9, 0x9a, 0x3f, 0x45, 0xda, 0xbd, 0x3e, 0x68, 0x62, 0x9a, 0x3f,
    0xee, 0x7a, 0xb8, 0x3e, 0x12, 0x00, 0x00, 0x00, 0x68, 0x62, 0x9a, 0x3f,
    0xee, 0x7a, 0xb8, 0x3e, 0x2d, 0x4b, 0x9a, 0x3f, 0x68, 0xf2, 0xb2, 0x3e,
    0xa0, 0xd2, 0x98, 0x3f, 0xc0, 0xa0, 0xb1, 0x3e, 0x96, 0x2e, 0x99, 0x3f,
    0x8b, 0xcd, 0xa0, 0x3e, 0x1e, 0xf0, 0x97, 0x3f, 0x1c, 0x6c, 0x9e, 0x3e,
    0x0e, 0xf2, 0x97, 0x3f, 0x36, 0xd5, 0x95, 0x3e, 0x87, 0x5a, 0x96, 0x3f,
    0x19, 0xf2, 0x8f, 0x3e, 0x7f, 0xe0, 0x93, 0x3f, 0x9b, 0x00, 0x87, 0x3e,
    0x18, 0xbc, 0x90, 0x3f, 0x25, 0x46, 0x72, 0x3e, 0x90, 0xf8, 0x8f, 0x3f,
    0xbb, 0xc5, 0x78, 0x3e, 0x0d, 0x16, 0x8f, 0x3f, 0x08, 0x88, 0x72, 0x3e,
    0xbb, 0x1f, 0x8f, 0x3f, 0x76, 0xd6, 0x60, 0x3e, 0x77, 0x07, 0x8d, 0x3f,
    0xa7, 0x41, 0x55, 0x3e, 0x8f, 0x10, 0x8a, 0x3f, 0xaa, 0x59, 0x56, 0x3e,
    0x2a, 0xee, 0x88, 0x3f, 0x0f, 0xbd, 0x61, 0x3e, 0x61, 0x4e, 0x86, 0x3f,
    0xb6, 0xd1, 0x5b, 0x3e, 0x58, 0xc6, 0x84, 0x3f, 0xe0, 0xf4, 0x4c, 0x3e,
    0x42, 0x7c, 0x83, 0x3f, 0x64, 0x1b, 0x45, 0x3e, 0x09, 0x00, 0x00, 0x00,
    0xe0, 0x5c, 0xff, 0xbe, 0xa5, 0x11, 0x92, 0x3e, 0x43, 0xf2, 0xfa, 0xbe,
    0xfa, 0x58, 0x96, 0x3e, 0x85, 0x65, 0xfd, 0xbe, 0xa8, 0xda, 0x99, 0x3e,
    0xa1, 0x9a, 0x00, 0xbf, 0xbb, 0x5d, 0x9b, 0x3e, 0xe0, 0xed, 0x00, 0xbf,
    0x2d, 0x63, 0x9f, 0x3e, 0xb4, 0xc6, 0x01, 0xbf, 0x67, 0x04, 0xa5, 0x3e,
    0x75, 0x73, 0x01, 0xbf, 0x81, 0xcf, 0xa9, 0x3e, 0x95, 0x55, 0xfe, 0xbe,
    0xed, 0xc9, 0xb1, 0x3e, 0xf7, 0x54, 0xdd, 0xbe, 0xed, 0xc9, 0xb1, 0x3e,
    0x15, 0x00, 0x00, 0x00, 0xf7, 0x54, 0xdd, 0xbe, 0xed, 0xc9, 0xb1, 0x3e,
    0xb2, 0xa9, 0xde, 0xbe, 0x99, 0x33, 0xb4, 0x3e, 0xbd, 0x29, 0xe7, 0xbe,
    0x77, 0x82, 0xb9, 0x3e, 0xa5, 0x9b, 0xec, 0xbe, 0x57, 0xac, 0xb8, 0x3e,
    0x24, 0xbd, 0xef, 0xbe, 0xf2, 0xaa, 0xba, 0x3e, 0xd3, 0xd4, 0xee, 0xbe,
    0xd4, 0x11, 0xc1, 0x3e, 0xa0, 0xd6, 0xea, 0xbe, 0x93, 0x8a, 0xc5, 0x3e,
    0x4a, 0x29, 0xe8, 0xbe, 0xab, 0xc9, 0xc9, 0x3e, 0x86, 0xe1, 0xe3, 0xbe,
    0xb0, 0xf9, 0xcb, 0x3e, 0x10, 0xcf, 0xe1, 0xbe, 0x7e, 0x51, 0xd0, 0x3e,
    0xf9, 0xe1, 0xe2, 0xbe, 0x0e, 0x15, 0xd4, 0x3e, 0xb8, 0x64, 0xe5, 0xbe,
    0x63, 0x5c, 0xd8, 0x3e, 0x01, 0xd5, 0xe5, 0xbe, 0xa1, 0xa1, 0xdf, 0x3e,
    0xad, 0xbe, 0xe3, 0xbe, 0x8f, 0x5b, 0xe5, 0x3e, 0x3c, 0xf6, 0xe0, 0xbe,
    0x28, 0x42, 0xe6, 0x3e, 0x78, 0xae, 0xdc, 0xbe, 0x77, 0xcd, 0xe7, 0x3e,
    0x7d, 0xf8, 0xdb, 0xbe, 0x46, 0xb1, 0xec, 0x3e, 0xe9, 0x9c, 0xd8, 0xbe,
    0xd3, 0x5c, 0xef, 0x3e, 0x3b, 0xab, 0xd2, 0xbe, 0xbc, 0x5a, 0xf2, 0x3e,
    0xd3, 0xfb, 0xcb, 0xbe, 0x65, 0x5d, 0xfa, 0x3e, 0x85, 0x67, 0xc5, 0xbe,
    0xfd, 0x80, 0x03, 0x3f, 0x05, 0x00, 0x00, 0x00, 0x85, 0x67, 0xc5, 0xbe,
    0xfd, 0x80, 0x03, 0x3f, 0xa0, 0x82, 0xc5, 0xbe, 0x4c, 0x52, 0x05, 0x3f,
    0xd2, 0x05, 0xc7, 0xbe, 0x15, 0x7a, 0x07, 0x3f, 0xe9, 0xf2, 0xc5, 0xbe,
    0x27, 0xfd, 0x08, 0x3f, 0x5b, 0xd7, 0xc6, 0xbe, 0x96, 0x5e, 0x0b, 0x3f,
    0x05, 0x00, 0x00, 0x00, 0x5b, 0xd7, 0xc6, 0xbe, 0x96, 0x5e, 0x0b, 0x3f,
    0xd4, 0x6c, 0xd3, 0xbe, 0x41, 0x82, 0x0d, 0x3f, 0x2e, 0xc3, 0xd9, 0xbe,
    0xbc, 0xaa, 0x0e, 0x3f, 0xce, 0xba, 0xe3, 0xbe, 0xf6, 0xe0, 0x0d, 0x3f,
    0xa9, 0xef, 0xe6, 0xbe, 0xac, 0x3f, 0x0e, 0x3f, 0x09, 0x00, 0x00, 0x00,
    0xa9, 0xef, 0xe6, 0xbe, 0xac, 0x3f, 0x0e, 0x3f, 0x7d, 0x4d, 0xe5, 0xbe,
    0x2e, 0xff, 0x0b, 0x3f, 0x1c, 0xf0, 0xe5, 0xbe, 0xc2, 0xb5, 0x0a, 0x3f,
    0x16, 0x8a, 0xe8, 0xbe, 0xb2, 0x4a, 0x0a, 0x3f, 0xa9, 0xe5, 0xeb, 0xbe,
    0xbe, 0x11, 0x09, 0x3f, 0x8b, 0xfb, 0xee, 0xbe, 0xfb, 0x19, 0x09, 0x3f,
    0x92, 0xd2, 0xf3, 0xbe, 0x88, 0xc5, 0x0b, 0x3f, 0xa3, 0xde, 0xf2, 0xbe,
    0xbb, 0x64, 0x0e, 0x3f, 0x4f, 0xe4, 0xee, 0xbe, 0x54, 0x4b, 0x0f, 0x3f,
    0x02, 0x00, 0x00, 0x00, 0x4f, 0xe4, 0xee, 0xbe, 0x54, 0x4b, 0x0f, 0x3f,
    0xac, 0xf7, 0xee, 0xbe, 0x2e, 0xb0, 0x12, 0x3f, 0x0c, 0x00, 0x00, 0x00,
    0x19, 0x60, 0x01, 0xbf, 0x26, 0x7a, 0x01, 0x3f, 0x80, 0xff, 0xff, 0xbe,
    0xca, 0x0f, 0xff, 0x3e, 0x11, 0xe8, 0x00, 0xbf, 0x2a, 0xe1, 0xfa, 0x3e,
    0x37, 0xa9, 0x02, 0xbf, 0x97, 0x05, 0xf6, 0x3e, 0x45, 0x7d, 0x05, 0xbf,
    0xba, 0x42, 0xf1, 0x3e, 0x35, 0xec, 0x08, 0xbf, 0xf6, 0xfb, 0xf7, 0x3e,
    0xfc, 0x79, 0x08, 0xbf, 0x48, 0x2b, 0xfb, 0x3e, 0x05, 0x0e, 0x07, 0xbf,
    0x4c, 0xcf, 0xfc, 0x3e, 0xf9, 0x59, 0x06, 0xbf, 0xe8, 0xe5, 0x00, 0x3f,
    0x44, 0xe6, 0x04, 0xbf, 0x71, 0xa7, 0x01, 0x3f, 0xb4, 0xb8, 0x02, 0xbf,
    0x74, 0x05, 0x03, 0x3f, 0x19, 0x60, 0x01, 0xbf, 0x26, 0x7a, 0x01, 0x3f,
    0x06, 0x00, 0x00, 0x00, 0xdb, 0x51, 0xa5, 0x3e, 0x8a, 0x43, 0xc5, 0xbf,
    0xe1, 0x32, 0xa5, 0x3e, 0xaa, 0xb0, 0xc5, 0xbf, 0x97, 0xcc, 0x9f, 0x3e,
    0x7e, 0x7c, 0xc6, 0xbf, 0xa1, 0xdb, 0xa0, 0x3e, 0x7f, 0xe5, 0xc6, 0xbf,
    0x16, 0x73, 0xa0, 0x3e, 0x71, 0x29, 0xc7, 0xbf, 0x39, 0x22, 0x9f, 0x3e,
    0x53, 0x25, 0xc7, 0xbf, 0x0f, 0x00, 0x00, 0x00, 0x39, 0x22, 0x9f, 0x3e,
    0x53, 0x25, 0xc7, 0xbf, 0x54, 0x3d, 0x9f, 0x3e, 0x75, 0x36, 0xc9, 0xbf,
    0x75, 0x39, 0x9f, 0x3e, 0xb6, 0x4b, 0xcb, 0xbf, 0x18, 0x30, 0x9a, 0x3e,
    0xc5, 0x4d, 0xcb, 0xbf, 0x38, 0x2c, 0x9a, 0x3e, 0x22, 0x4f, 0xcc, 0xbf,
    0x92, 0x2d, 0x97, 0x3e, 0x11, 0x7b, 0xcb, 0xbf, 0xfc, 0x1e, 0x95, 0x3e,
    0x00, 0xa7, 0xca, 0xbf, 0x60, 0x2f, 0x93, 0x3e, 0x2d, 0x67, 0xca, 0xbf,
    0xfc, 0xa3, 0x92, 0x3e, 0x86, 0x0a, 0xca, 0xbf, 0xb8, 0x99, 0x8f, 0x3e,
    0xf0, 0x18, 0xca, 0xbf, 0xfa, 0x91, 0x8f, 0x3e, 0xf6, 0xf7, 0xcc, 0xbf,
    0x90, 0x4b, 0x88, 0x3e, 0xcc, 0x09, 0xce, 0xbf, 0xc6, 0x9d, 0x86, 0x3e,
    0x80, 0xb9, 0xcd, 0xbf, 0x72, 0x87, 0x84, 0x3e, 0x62, 0xfb, 0xcd, 0xbf,
    0x77, 0xed, 0x81, 0x3e, 0xcc, 0x09, 0xce, 0xbf, 0x09, 0x00, 0x00, 0x00,
    0x67, 0x02, 0x07, 0xbf, 0xb3, 0xbb, 0x80, 0xbf, 0x70, 0x88, 0x06, 0xbf,
    0x32, 0x92, 0x7e, 0xbf, 0x2e, 0xfd, 0x09, 0xbf, 0x55, 0x15, 0x7a, 0xbf,
    0x55, 0xda, 0x09, 0xbf, 0x33, 0x6d, 0x78, 0xbf, 0x12, 0xb8, 0x0c, 0xbf,
    0x83, 0xd3, 0x73, 0xbf, 0x22, 0x31, 0x0f, 0xbf, 0xd6, 0x51, 0x70, 0xbf,
    0x66, 0x3b, 0x12, 0xbf, 0xfd, 0xbe, 0x6d, 0xbf, 0x79, 0x59, 0x14, 0xbf,
    0x5c, 0xb5, 0x6f, 0xbf, 0x17, 0xe0, 0x16, 0xbf, 0x4a, 0x78, 0x6e, 0xbf,
    0x0f, 0x00, 0x00, 0x00, 0x78, 0x03, 0xe6, 0xbe, 0x47, 0x11, 0x74, 0xbf,
    0x21, 0xdb, 0xe0, 0xbe, 0xeb, 0x32, 0x73, 0xbf, 0xf2, 0x8f, 0xdb, 0xbe,
    0x71, 0x96, 0x72, 0xbf, 0x8e, 0xa5, 0xd6, 0xbe, 0x71, 0x96, 0x72, 0xbf,
    0x42, 0x07, 0xd5, 0xbe, 0x39, 0x32, 0x74, 0xbf, 0xf7, 0x7a, 0xd6, 0xbe,
    0x79, 0xde, 0x75, 0xbf, 0x4b, 0x16, 0xd6, 0xbe, 0x9b, 0x86, 0x77, 0xbf,
    0x7d, 0xa3, 0xd2, 0xbe, 0x7e, 0x0e, 0x78, 0xbf, 0xc1, 0x74, 0xca, 0xbe,
    0x8e, 0x79, 0x78, 0xbf, 0x6b, 0xc7, 0xc7, 0xbe, 0xae, 0x4f, 0x79, 0xbf,
    0xe8, 0x5b, 0xc5, 0xbe, 0xb4, 0x51, 0x7c, 0xbf, 0x0d, 0x1d, 0xc7, 0xbe,
    0x22, 0x27, 0x7e, 0xbf, 0x85, 0x67, 0xc5, 0xbe, 0xd3, 0x6e, 0x81, 0xbf,
    0x35, 0x46, 0xb9, 0xbe, 0xc3, 0x49, 0x81, 0xbf, 0x55, 0x4c, 0xb4, 0xbe,
    0x98, 0xf2, 0x81, 0xbf, 0x1f, 0x00, 0x00, 0x00, 0x55, 0x4c, 0xb4, 0xbe,
    0x98, 0xf2, 0x81, 0xbf, 0xf4, 0x73, 0xb2, 0xbe, 0x78, 0x3f, 0x81, 0xbf,
    0x1a, 0x5b, 0xad, 0xbe, 0x0f, 0x77, 0x81, 0xbf, 0x44, 0x70, 0xa9, 0xbe,
    0x86, 0xd8, 0x80, 0xbf, 0xcd, 0x67, 0xa2, 0xbe, 0xa3, 0x73, 0x80, 0xbf,
    0xcb, 0xda, 0x9c, 0xbe, 0x86, 0xfb, 0x80, 0xbf, 0x0c, 0x58, 0x9a, 0xbe,
    0x6b, 0x32, 0x82, 0xbf, 0xe1, 0xd1, 0x96, 0xbe, 0x2f, 0x70, 0x82, 0xbf,
    0xab, 0xa5, 0x91, 0xbe, 0xc5, 0x1b, 0x82, 0xbf, 0xbe, 0x48, 0x91, 0xbe,
    0x29, 0x65, 0x86, 0xbf, 0xd5, 0xe0, 0x86, 0xbe, 0x76, 0x41, 0x87, 0xbf,
    0x1d, 0xba, 0x86, 0xbe, 0xb1, 0x9a, 0x86, 0xbf, 0xc3, 0xde, 0x82, 0xbe,
    0xde, 0xa0, 0x86, 0xbf, 0xc9, 0x44, 0x80, 0xbe, 0x1c, 0x12, 0x87, 0xbf,
    0x26, 0x31, 0x76, 0xbe, 0xd1, 0x2a, 0x87, 0xbf, 0xf6, 0xe5, 0x70, 0xbe,
    0x4c, 0x76, 0x88, 0xbf, 0x6d, 0x14, 0x71, 0xbe, 0x9a, 0xde, 0x89, 0xbf,
    0x79, 0xe0, 0x6b, 0xbe, 0x60, 0xcb, 0x8a, 0xbf, 0x6f, 0x56, 0x68, 0xbe,
    0x73, 0x4e, 0x8c, 0xbf, 0xc5, 0xae, 0x61, 0xbe, 0xde, 0x2e, 0x8d, 0xbf,
    0xdd, 0xb7, 0x5e, 0xbe, 0x2f, 0xaf, 0x8f, 0xbf, 0x54, 0xb7, 0x4e, 0xbe,
    0xf8, 0x1c, 0x92, 0xbf, 0xbd, 0xbc, 0x42, 0xbe, 0x9e, 0xed, 0x91, 0xbf,
    0xde, 0xde, 0x3b, 0xbe, 0x9e, 0x33, 0x92, 0xbf, 0x4f, 0x78, 0x2e, 0xbe,
    0xe9, 0xf7, 0x91, 0xbf, 0xb3, 0x7e, 0x31, 0xbe, 0x4a, 0xe3, 0x94, 0xbf,
    0xda, 0x35, 0x38, 0xbe, 0xf2, 0x11, 0x96, 0xbf, 0xa6, 0x70, 0x3f, 0xbe,
    0x42, 0x06, 0x98, 0xbf, 0xd0, 0xda, 0x44, 0xbe, 0xe9, 0x85, 0x98, 0xbf,
    0x7b, 0x3f, 0x45, 0xbe, 0x55, 0xac, 0x99, 0xbf, 0x49, 0xbc, 0x43, 0xbe,
    0x77, 0x54, 0x9b, 0xbf, 0x15, 0x00, 0x00, 0x00, 0x49, 0xbc, 0x43, 0xbe,
    0x77, 0x54, 0x9b, 0xbf, 0x2b, 0xd2, 0x46, 0xbe, 0xb6, 0x97, 0x9c, 0xbf,
    0x94, 0xc3, 0x44, 0xbe, 0x22, 0x9b, 0x9d, 0xbf, 0x89, 0x99, 0x29, 0xbe,
    0x12, 0x76, 0x9d, 0xbf, 0x6c, 0x20, 0x34, 0xbe, 0x80, 0x4b, 0x9f, 0xbf,
    0x43, 0xac, 0x33, 0xbe, 0xee, 0x43, 0xa1, 0xbf, 0xed, 0x24, 0x2a, 0xbe,
    0x1d, 0x1c, 0xa2, 0xbf, 0xa2, 0x1d, 0x29, 0xbe, 0xf3, 0x96, 0xa3, 0xbf,
    0xae, 0x6e, 0x21, 0xbe, 0x79, 0x1d, 0xa3, 0xbf, 0x9c, 0x92, 0x16, 0xbe,
    0x9a, 0x5c, 0xa4, 0xbf, 0xd8, 0x7a, 0x06, 0xbe, 0x60, 0x49, 0xa5, 0xbf,
    0x80, 0x36, 0x03, 0xbe, 0x13, 0xb3, 0xa4, 0xbf, 0x09, 0x4d, 0xf7, 0xbd,
    0x13, 0xb3, 0xa4, 0xbf, 0x9e, 0xf4, 0xec, 0xbd, 0x2f, 0x59, 0xa3, 0xbf,
    0xfe, 0xa7, 0xd9, 0xbd, 0xd5, 0x92, 0xa3, 0xbf, 0x7f, 0x31, 0xcd, 0xbd,
    0xa6, 0x00, 0xa3, 0xbf, 0x57, 0x8e, 0xbc, 0xbd, 0x79, 0xd7, 0xa2, 0xbf,
    0x3a, 0x3c, 0xa4, 0xbd, 0xbe, 0x48, 0xa0, 0xbf, 0x9c, 0x56, 0x9d, 0xbd,
    0x60, 0x75, 0x9e, 0xbf, 0x31, 0xf4, 0x97, 0xbd, 0x32, 0x29, 0x9e, 0xbf,
    0xda, 0xa5, 0x99, 0xbd, 0x6a, 0x24, 0x9c, 0xbf, 0x10, 0x00, 0x00, 0x00,
    0xda, 0xa5, 0x99, 0xbd, 0x6a, 0x24, 0x9c, 0xbf, 0x2c, 0x8e, 0xde, 0xbc,
    0x0d, 0x23, 0x9b, 0xbf, 0x9f, 0x9a, 0xa0, 0xbc, 0xb2, 0x16, 0x9b, 0xbf,
    0x34, 0x22, 0x1d, 0xbc, 0x3b, 0x6f, 0x9b, 0xbf, 0x71, 0x4c, 0x54, 0xbb,
    0x79, 0x6c, 0x9c, 0xbf, 0x14, 0x0b, 0x1b, 0x3c, 0x6a, 0x6a, 0x9c, 0xbf,
    0xa5, 0xfd, 0x49, 0x3c, 0x3a, 0x29, 0x9b, 0xbf, 0x94, 0x77, 0x2c, 0x3c,
    0xee, 0xb5, 0x9a, 0xbf, 0xcd, 0xec, 0x8c, 0x3c, 0x66, 0xa3, 0x9a, 0xbf,
    0xd6, 0xaf, 0x9b, 0x3c, 0xf1, 0xf0, 0x9b, 0xbf, 0xd8, 0x39, 0xf5, 0x3c,
    0x2d, 0xf9, 0x9b, 0xbf, 0x7a, 0x14, 0xf2, 0x3c, 0x50, 0x9f, 0x97, 0xbf,
    0x4e, 0x9a, 0x11, 0x3d, 0xe5, 0xe1, 0x96, 0xbf, 0xb3, 0xf3, 0xf5, 0x3c,
    0x5c, 0x43, 0x96, 0xbf, 0xab, 0x7e, 0xa1, 0x3c, 0x1f, 0xd2, 0x95, 0xbf,
    0x1e, 0x29, 0xb3, 0x3c, 0x0f, 0x67, 0x95, 0xbf, 0x15, 0x00, 0x00, 0x00,
    0x1e, 0x29, 0xb3, 0x3c, 0x0f, 0x67, 0x95, 0xbf, 0x93, 0x50, 0x4f, 0x3c,
    0x0c, 0x2c, 0x94, 0xbf, 0xe1, 0xb4, 0x61, 0x3c, 0x53, 0x6f, 0x92, 0xbf,
    0xa4, 0xa7, 0x9c, 0x3c, 0x25, 0x00, 0x92, 0xbf, 0xee, 0x0c, 0xbe, 0x3c,
    0x03, 0x58, 0x90, 0xbf, 0x37, 0x86, 0xd5, 0x3c, 0x3e, 0x6b, 0x8f, 0xbf,
    0x08, 0x03, 0x09, 0x3d, 0x5b, 0x29, 0x8f, 0xbf, 0xf2, 0x56, 0x1d, 0x3d,
    0xb2, 0x91, 0x8d, 0xbf, 0xee, 0x57, 0x2c, 0x3d, 0x94, 0xb0, 0x8d, 0xbf,
    0xb1, 0x83, 0x32, 0x3d, 0x6b, 0x94, 0x8f, 0xbf, 0xa6, 0x86, 0x5f, 0x3d,
    0xb7, 0xe4, 0x8f, 0xbf, 0x83, 0xb8, 0x87, 0x3d, 0x02, 0xcc, 0x8f, 0xbf,
    0x27, 0xfa, 0x90, 0x3d, 0x5f, 0xcd, 0x90, 0xbf, 0xfc, 0x4d, 0x94, 0x3d,
    0x4f, 0x62, 0x90, 0xbf, 0xe8, 0xb4, 0x8f, 0x3d, 0x2d, 0xba, 0x8e, 0xbf,
    0xb5, 0xc0, 0x86, 0x3d, 0x29, 0xf3, 0x8c, 0xbf, 0x01, 0x39, 0x8f, 0x3d,
    0x73, 0x4e, 0x8c, 0xbf, 0xe3, 0xc9, 0x94, 0x3d, 0xab, 0xb2, 0x8a, 0xbf,
    0xb3, 0x28, 0xa2, 0x3d, 0x69, 0x34, 0x88, 0xbf, 0x77, 0xc5, 0xaf, 0x3d,
    0x68, 0x62, 0x87, 0xbf, 0xef, 0xdf, 0xb9, 0x3d, 0x95, 0xae, 0x87, 0xbf,
    0x12, 0x00, 0x00, 0x00, 0xef, 0xdf, 0xb9, 0x3d, 0x95, 0xae, 0x87, 0xbf,
    0x9e, 0x72, 0xbb, 0x3d, 0x0b, 0x84, 0x86, 0xbf, 0x46, 0x38, 0xb3, 0x3d,
    0x46, 0x00, 0x86, 0xbf, 0xeb, 0x8c, 0xa3, 0x3d, 0x65, 0x4a, 0x86, 0xbf,
    0x04, 0x1b, 0x9e, 0x3d, 0xbe, 0x84, 0x85, 0xbf, 0x58, 0x87, 0x8d, 0x3d,
    0x08, 0x03, 0x85, 0xbf, 0x62, 0xe2, 0x80, 0x3d, 0x91, 0xa1, 0x85, 0xbf,
    0xf9, 0x06, 0x45, 0x3d, 0x28, 0xfc, 0x85, 0xbf, 0x3e, 0xd9, 0x20, 0x3d,
    0xfa, 0x69, 0x85, 0xbf, 0xce, 0x63, 0xff, 0x3c, 0xcc, 0x40, 0x85, 0xbf,
    0x45, 0x5b, 0xbc, 0x3c, 0xba, 0xe0, 0x83, 0xbf, 0xae, 0x56, 0xb5, 0x3c,
    0xa8, 0xc6, 0x82, 0xbf, 0x0b, 0x69, 0xd1, 0x3c, 0xe4, 0x88, 0x82, 0xbf,
    0xd3, 0x75, 0xd7, 0x3c, 0xb5, 0xd3, 0x81, 0xbf, 0xc5, 0xa0, 0xf0, 0x3c,
    0x4a, 0xd0, 0x80, 0xbf, 0x91, 0x4f, 0x0b, 0x3d, 0xfd, 0x16, 0x80, 0xbf,
    0xc9, 0x42, 0x05, 0x3d, 0xd6, 0xb3, 0x7d, 0xbf, 0x46, 0xcd, 0x07, 0x3d,
    0xf1, 0x9f, 0x7c, 0xbf, 0x08, 0x00, 0x00, 0x00, 0x46, 0xcd, 0x07, 0x3d,
    0xf1, 0x9f, 0x7c, 0xbf, 0x71, 0xfe, 0x01, 0x3d, 0x28, 0x32, 0x7a, 0xbf,
    0x86, 0x83, 0x10, 0x3d, 0x36, 0xcb, 0x79, 0xbf, 0xa7, 0xca, 0x1e, 0x3d,
    0xa1, 0x88, 0x7a, 0xbf, 0x7f, 0x7b, 0x33, 0x3d, 0x55, 0x15, 0x7a, 0xbf,
    0xc9, 0x11, 0x2d, 0x3d, 0x24, 0x48, 0x78, 0xbf, 0x4e, 0x73, 0x34, 0x3d,
    0xb6, 0x2c, 0x76, 0xbf, 0x57, 0x53, 0x25, 0x3d, 0xfb, 0x9d, 0x73, 0xbf,
    0x09, 0x00, 0x00, 0x00, 0x57, 0x53, 0x25, 0x3d, 0xfb, 0x9d, 0x73, 0xbf,
    0x4f, 0x90, 0x16, 0x3d, 0xba, 0xab, 0x71, 0xbf, 0x6b, 0xec, 0x29, 0x3d,
    0x99, 0x49, 0x70, 0xbf, 0x07, 0xe6, 0x26, 0x3d, 0x4c, 0x4a, 0x6f, 0xbf,
    0x10, 0xd0, 0x12, 0x3d, 0xd2, 0xad, 0x6e, 0xbf, 0x0a, 0xe5, 0x17, 0x3d,
    0x27, 0x8a, 0x6c, 0xbf, 0x98, 0xff, 0x32, 0x3d, 0x8d, 0xd1, 0x6a, 0xbf,
    0xff, 0xc0, 0x67, 0x3d, 0x8a, 0x73, 0x69, 0xbf, 0xef, 0x8b, 0x94, 0x3d,
    0x38, 0xd0, 0x66, 0xbf, 0x08, 0x00, 0x00, 0x00, 0x55, 0x4c, 0xb4, 0xbe,
    0x98, 0xf2, 0x81, 0xbf, 0xa3, 0x8b, 0xb1, 0xbe, 0xd4, 0xfa, 0x81, 0xbf,
    0x4e, 0xfa, 0xac, 0xbe, 0x15, 0x10, 0x84, 0xbf, 0x75, 0xd7, 0xac, 0xbe,
    0x47, 0x23, 0x86, 0xbf, 0x6f, 0x71, 0xaf, 0xbe, 0xc8, 0x07, 0x8a, 0xbf,
    0xda, 0x4e, 0xb7, 0xbe, 0x9d, 0x19, 0x8b, 0xbf, 0x23, 0x1e, 0xbc, 0xbe,
    0x07, 0x28, 0x8b, 0xbf, 0x7c, 0xd3, 0xc6, 0xbe, 0x81, 0x0a, 0x8c, 0xbf,
    0x0a, 0x00, 0x00, 0x00, 0xbe, 0x18, 0x9d, 0xbe, 0x77, 0x77, 0x9b, 0xbf,
    0x6f, 0x72, 0x93, 0xbe, 0x29, 0x0f, 0x9a, 0xbf, 0xf0, 0xf1, 0x8b, 0xbe,
    0x2b, 0x04, 0x9b, 0xbf, 0x6b, 0xef, 0x88, 0xbe, 0x75, 0x82, 0x9a, 0xbf,
    0x76, 0x9f, 0x85, 0xbe, 0x58, 0xe7, 0x9a, 0xbf, 0x3b, 0x29, 0x81, 0xbe,
    0xfb, 0x08, 0x9a, 0xbf, 0x45, 0x1b, 0x73, 0xbe, 0xa1, 0xfc, 0x99, 0xbf,
    0x8b, 0x8d, 0x66, 0xbe, 0xdd, 0xe1, 0x99, 0xbf, 0xc2, 0x80, 0x60, 0xbe,
    0x54, 0x66, 0x99, 0xbf, 0x49, 0xbc, 0x43, 0xbe, 0x77, 0x54, 0x9b, 0xbf,
    0x0e, 0x00, 0x00, 0x00, 0x8a, 0x68, 0x73, 0xbd, 0xbc, 0x66, 0xb3, 0xbf,
    0x48, 0x96, 0x88, 0xbd, 0xcb, 0x22, 0xb3, 0xbf, 0x11, 0x1e, 0x91, 0xbd,
    0x72, 0xc5, 0xb3, 0xbf, 0x71, 0x2f, 0x9e, 0xbd, 0xf9, 0xb4, 0xb3, 0xbf,
    0x83, 0x57, 0x9b, 0xbd, 0x42, 0xca, 0xb2, 0xbf, 0xbc, 0x36, 0x9f, 0xbd,
    0x9b, 0xe1, 0xb1, 0xbf, 0x1d, 0x3e, 0xb1, 0xbd, 0xc6, 0xf2, 0xb0, 0xbf,
    0x91, 0x8a, 0xa2, 0xbd, 0x87, 0xaf, 0xaf, 0xbf, 0x67, 0x76, 0x8a, 0xbd,
    0x68, 0x42, 0xaf, 0xbf, 0x4d, 0xbb, 0x56, 0xbd, 0x65, 0xe4, 0xad, 0xbf,
    0xf7, 0x89, 0x3a, 0xbd, 0xb9, 0x34, 0xab, 0xbf, 0x07, 0x48, 0xdf, 0xbc,
    0xe0, 0xc4, 0xa8, 0xbf, 0xb3, 0x5a, 0x82, 0xbc, 0xd0, 0x13, 0xa8, 0xbf,
    0x38, 0x94, 0x2d, 0xbb, 0x0d, 0x62, 0xa8, 0xbf, 0x0e, 0x00, 0x00, 0x00,
    0x38, 0x94, 0x2d, 0xbb, 0x0d, 0x62, 0xa8, 0xbf, 0x00, 0x54, 0x82, 0xba,
    0xb1, 0xc9, 0xa7, 0xbf, 0x46, 0xcf, 0x17, 0xbc, 0xdb, 0x4e, 0xa6, 0xbf,
    0x12, 0x6c, 0x8f, 0xbc, 0x9d, 0x97, 0xa5, 0xbf, 0xaf, 0x34, 0xb4, 0xbc,
    0x04, 0x8e, 0xa4, 0xbf, 0x45, 0x1f, 0x25, 0xbd, 0x6b, 0x3e, 0xa3, 0xbf,
    0x78, 0x13, 0x2e, 0xbd, 0x3a, 0x94, 0xa1, 0xbf, 0x49, 0x14, 0x1b, 0xbd,
    0x37, 0x59, 0xa0, 0xbf, 0xc8, 0x8a, 0x27, 0xbd, 0x44, 0x89, 0x9f, 0xbf,
    0x06, 0x5f, 0x21, 0xbd, 0x7d, 0x33, 0x9e, 0xbf, 0x50, 0xc4, 0x42, 0xbd,
    0xf2, 0x7c, 0x9c, 0xbf, 0xd7, 0xcd, 0x85, 0xbd, 0x7d, 0xed, 0x9d, 0xbf,
    0xab, 0xa6, 0x86, 0xbd, 0x99, 0x42, 0x9d, 0xbf, 0xda, 0xa5, 0x99, 0xbd,
    0x6a, 0x24, 0x9c, 0xbf, 0x08, 0x00, 0x00, 0x00, 0x38, 0x94, 0x2d, 0xbb,
    0x0d, 0x62, 0xa8, 0xbf, 0xa8, 0xea, 0xc2, 0x3a, 0x0f, 0x57, 0xa9, 0xbf,
    0xbe, 0x7c, 0xed, 0x3b, 0x21, 0x71, 0xaa, 0xbf, 0x05, 0x7f, 0x92, 0x3b,
    0xc8, 0x13, 0xab, 0xbf, 0x13, 0xdf, 0xe1, 0x3b, 0x9f, 0xf7, 0xac, 0xbf,
    0xbe, 0x5a, 0x6c, 0x3c, 0xa0, 0x83, 0xad, 0xbf, 0xb7, 0x83, 0x67, 0x3c,
    0xb0, 0xee, 0xad, 0xbf, 0x6c, 0x8d, 0xc5, 0x3c, 0x0f, 0x2b, 0xb0, 0xbf,
    0x06, 0x00, 0x00, 0x00, 0xb3, 0x1d, 0x01, 0x3e, 0x19, 0xfd, 0xad, 0xbf,
    0x34, 0xcc, 0x09, 0x3e, 0xfb, 0xb2, 0xad, 0xbf, 0x37, 0x7f, 0x08, 0x3e,
    0xbd, 0xfb, 0xac, 0xbf, 0x25, 0xd2, 0x0d, 0x3e, 0xad, 0x90, 0xac, 0xbf,
    0x08, 0x59, 0x18, 0x3e, 0x72, 0x14, 0xad, 0xbf, 0x02, 0xf3, 0x1a, 0x3e,
    0x71, 0xce, 0xac, 0xbf, 0x20, 0x00, 0x00, 0x00, 0x1b, 0x75, 0x52, 0x3e,
    0xf8, 0x5b, 0x9f, 0xbf, 0x75, 0x76, 0x4f, 0x3e, 0x74, 0xca, 0xa0, 0xbf,
    0x00, 0x8a, 0x46, 0x3e, 0xa3, 0x5c, 0xa1, 0xbf, 0x47, 0x6d, 0x41, 0x3e,
    0xf0, 0x38, 0xa2, 0xbf, 0x9e, 0xc5, 0x3a, 0x3e, 0xb5, 0xdf, 0xa2, 0xbf,
    0xae, 0x01, 0x2e, 0x3e, 0xb6, 0x25, 0xa3, 0xbf, 0x07, 0x92, 0x23, 0x3e,
    0x3f, 0xc4, 0xa3, 0xbf, 0x45, 0x5c, 0x22, 0x3e, 0xc3, 0x9b, 0xa2, 0xbf,
    0xab, 0x29, 0x1a, 0x3e, 0xb4, 0x53, 0xa2, 0xbf, 0xf5, 0x3a, 0x16, 0x3e,
    0x0d, 0xd4, 0xa1, 0xbf, 0xe7, 0x07, 0x0f, 0x3e, 0xd0, 0xa8, 0xa1, 0xbf,
    0xfc, 0x67, 0x08, 0x3e, 0xc2, 0xec, 0xa1, 0xbf, 0x7b, 0xaf, 0x04, 0x3e,
    0x2b, 0xd8, 0xa1, 0xbf, 0x08, 0x34, 0x03, 0x3e, 0x1b, 0x4a, 0xa1, 0xbf,
    0x13, 0xe2, 0xf9, 0x3d, 0x38, 0xc2, 0xa0, 0xbf, 0xe2, 0x54, 0xfd, 0x3d,
    0x31, 0xe3, 0x9d, 0xbf, 0x4b, 0xcb, 0xf8, 0x3d, 0xb6, 0x97, 0x9c, 0xbf,
    0x78, 0x0f, 0xda, 0x3d, 0x2b, 0x04, 0x9b, 0xbf, 0x34, 0xdf, 0xdd, 0x3d,
    0x92, 0x1d, 0x9a, 0xbf, 0x97, 0xef, 0xdb, 0x3d, 0xcb, 0x81, 0x98, 0xbf,
    0xc4, 0x0c, 0xe0, 0x3d, 0x7d, 0x3c, 0x97, 0xbf, 0x01, 0xe1, 0xd9, 0x3d,
    0xa8, 0x70, 0x96, 0xbf, 0xdf, 0xa3, 0xc6, 0x3d, 0x9a, 0xd7, 0x96, 0xbf,
    0xca, 0x99, 0xba, 0x3d, 0x41, 0x57, 0x97, 0xbf, 0x6e, 0x02, 0xa1, 0x3d,
    0x8c, 0x84, 0x97, 0xbf, 0xb5, 0x3b, 0x89, 0x3d, 0x40, 0x11, 0x97, 0xbf,
    0xab, 0x4a, 0x7d, 0x3d, 0x99, 0x6e, 0x96, 0xbf, 0xe7, 0x32, 0x6d, 0x3d,
    0x11, 0x5c, 0x96, 0xbf, 0x0c, 0xa0, 0x49, 0x3d, 0x50, 0x7c, 0x97, 0xbf,
    0x35, 0xe5, 0x39, 0x3d, 0x6c, 0xae, 0x96, 0xbf, 0x3e, 0xd9, 0x20, 0x3d,
    0x10, 0x16, 0x96, 0xbf, 0x1e, 0x29, 0xb3, 0x3c, 0x0f, 0x67, 0x95, 0xbf,
    0x08, 0x00, 0x00, 0x00, 0x5b, 0xfe, 0x12, 0x3e, 0x42, 0x58, 0xb9, 0xbf,
    0x65, 0x88, 0x16, 0x3e, 0x6f, 0x3b, 0xb9, 0xbf, 0xab, 0x29, 0x1a, 0x3e,
    0x14, 0x0c, 0xb9, 0xbf, 0x44, 0x66, 0x1d, 0x3e, 0xab, 0x20, 0xb9, 0xbf,
    0x57, 0x84, 0x1f, 0x3e, 0x41, 0xcc, 0xb8, 0xbf, 0xce, 0x2d, 0x22, 0x3e,
    0xac, 0x43, 0xb9, 0xbf, 0xdc, 0x60, 0x29, 0x3e, 0xbb, 0x45, 0xb9, 0xbf,
    0x4a, 0xfb, 0x2a, 0x3e, 0x6d, 0x69, 0xb8, 0xbf, 0x08, 0x00, 0x00, 0x00,
    0x13, 0x2d, 0x46, 0x3e, 0x32, 0x7b, 0xbf, 0xbf, 0x9d, 0x79, 0x48, 0x3e,
    0xb9, 0x24, 0xbf, 0xbf, 0x8f, 0xc1, 0x43, 0x3e, 0xf2, 0xab, 0xbd, 0xbf,
    0xd8, 0x15, 0x46, 0x3e, 0x3c, 0x2a, 0xbd, 0xbf, 0xa5, 0x92, 0x44, 0x3e,
    0xfe, 0x72, 0xbc, 0xbf, 0xa2, 0xe9, 0x40, 0x3e, 0x48, 0x14, 0xbc, 0xbf,
    0xe0, 0xb3, 0x3f, 0x3e, 0x74, 0x6b, 0xbb, 0xbf, 0x9c, 0x83, 0x43, 0x3e,
    0x91, 0xe3, 0xba, 0xbf, 0x17, 0x00, 0x00, 0x00, 0x44, 0x0e, 0x68, 0x3e,
    0x76, 0x11, 0xc3, 0xbf, 0xde, 0xcf, 0x68, 0x3e, 0x66, 0x60, 0xc2, 0xbf,
    0x4c, 0xe5, 0x6c, 0x3e, 0x56, 0x18, 0xc2, 0xbf, 0x04, 0x0c, 0x6d, 0x3e,
    0xec, 0xc3, 0xc1, 0xbf, 0xc1, 0xd1, 0x75, 0x3e, 0x46, 0xd0, 0xc1, 0xbf,
    0x2b, 0x3e, 0x76, 0x3e, 0x72, 0x4a, 0xc1, 0xbf, 0x31, 0x1f, 0x76, 0x3e,
    0x08, 0xd3, 0xc0, 0xbf, 0xbb, 0xe6, 0x7a, 0x3e, 0x7f, 0x57, 0xc0, 0xbf,
    0x76, 0x45, 0x77, 0x3e, 0xab, 0xae, 0xbf, 0xbf, 0x83, 0x82, 0x79, 0x3e,
    0xf6, 0x72, 0xbf, 0xbf, 0x96, 0xa0, 0x7b, 0x3e, 0xf5, 0x09, 0xbf, 0xbf,
    0x6c, 0x47, 0x80, 0x3e, 0x3e, 0x42, 0xbe, 0xbf, 0xee, 0x1b, 0x82, 0x3e,
    0x02, 0x3a, 0xbe, 0xbf, 0x92, 0x08, 0x82, 0x3e, 0x6b, 0x02, 0xbe, 0xbf,
    0x84, 0x2a, 0x84, 0x3e, 0x4c, 0xb8, 0xbd, 0xbf, 0x57, 0x6c, 0x84, 0x3e,
    0x97, 0x7c, 0xbd, 0xbf, 0xdd, 0x0f, 0x83, 0x3e, 0xd2, 0x1b, 0xbd, 0xbf,
    0x52, 0xa7, 0x82, 0x3e, 0x86, 0xa8, 0xbc, 0xbf, 0x97, 0xcd, 0x83, 0x3e,
    0xee, 0x2a, 0xbc, 0xbf, 0x97, 0xcd, 0x83, 0x3e, 0xcf, 0x9a, 0xbb, 0xbf,
    0xbb, 0xf7, 0x84, 0x3e, 0x18, 0xd3, 0xba, 0xbf, 0x5c, 0x31, 0x86, 0x3e,
    0xdc, 0x84, 0xba, 0xbf, 0xe5, 0x02, 0x86, 0x3e, 0x43, 0xc1, 0xb9, 0xbf,
    0x09, 0x00, 0x00, 0x00, 0xd5, 0x31, 0x6f, 0x3e, 0x3d, 0x21, 0xc4, 0xbf,
    0x25, 0x5d, 0x76, 0x3e, 0x1e, 0xfa, 0xc3, 0xbf, 0xc1, 0x4c, 0x78, 0x3e,
    0x5b, 0x48, 0xc4, 0xbf, 0x00, 0x92, 0x79, 0x3e, 0xb6, 0xbd, 0xc4, 0xbf,
    0xed, 0x73, 0x77, 0x3e, 0xe6, 0xb8, 0xc5, 0xbf, 0xb2, 0xd7, 0x79, 0x3e,
    0x7d, 0xcd, 0xc5, 0xbf, 0x5e, 0xb7, 0x7c, 0x3e, 0x6f, 0x7a, 0xc6, 0xbf,
    0x93, 0x24, 0x80, 0x3e, 0xf8, 0xf5, 0xc6, 0xbf, 0x2c, 0xe6, 0x80, 0x3e,
    0xcc, 0x9e, 0xc7, 0xbf, 0x06, 0x00, 0x00, 0x00, 0x2c, 0xe6, 0x80, 0x3e,
    0xcc, 0x9e, 0xc7, 0xbf, 0xf8, 0x2a, 0x83, 0x3e, 0x62, 0x27, 0xc7, 0xbf,
    0x1d, 0xec, 0x84, 0x3e, 0xad, 0x54, 0xc7, 0xbf, 0xa5, 0xa1, 0x86, 0x3e,
    0x80, 0x2b, 0xc7, 0xbf, 0x64, 0x24, 0x89, 0x3e, 0xc9, 0x1d, 0xc6, 0xbf,
    0x95, 0x8b, 0x8c, 0x3e, 0x4e, 0x18, 0xc5, 0xbf, 0x06, 0x00, 0x00, 0x00,
    0x92, 0x7c, 0x75, 0x3e, 0xee, 0x46, 0xc9, 0xbf, 0x8c, 0x16, 0x78, 0x3e,
    0x66, 0x34, 0xc9, 0xbf, 0x64, 0x98, 0x7c, 0x3e, 0xce, 0x70, 0xc8, 0xbf,
    0x7d, 0x97, 0x7e, 0x3e, 0xbe, 0x05, 0xc8, 0xbf, 0xe9, 0x56, 0x80, 0x3e,
    0xa0, 0x24, 0xc8, 0xbf, 0x2c, 0xe6, 0x80, 0x3e, 0xcc, 0x9e, 0xc7, 0xbf,
    0x04, 0x00, 0x00, 0x00, 0x39, 0x22, 0x9f, 0x3e, 0x53, 0x25, 0xc7, 0xbf,
    0x25, 0x0e, 0x98, 0x3e, 0x71, 0x29, 0xc7, 0xbf, 0x8c, 0xf7, 0x8d, 0x3e,
    0xbc, 0x56, 0xc7, 0xbf, 0x8c, 0xf7, 0x8d, 0x3e, 0xd9, 0xab, 0xc6, 0xbf,
    0x09, 0x00, 0x00, 0x00, 0xd9, 0x88, 0x15, 0x3e, 0xa0, 0x80, 0x85, 0xbf,
    0xb5, 0x09, 0x0b, 0x3e, 0x95, 0x45, 0x87, 0xbf, 0xc3, 0x88, 0x04, 0x3e,
    0xfe, 0x76, 0x87, 0xbf, 0x33, 0xc2, 0xfb, 0x3d, 0x66, 0xb3, 0x86, 0xbf,
    0x89, 0x1a, 0xf5, 0x3d, 0x76, 0x41, 0x87, 0xbf, 0x31, 0x5b, 0xef, 0x3d,
    0x89, 0xa1, 0x88, 0xbf, 0x02, 0xd7, 0xde, 0x3d, 0x3d, 0x97, 0x88, 0xbf,
    0x7d, 0xfa, 0xd4, 0x3d, 0xa8, 0x31, 0x89, 0xbf, 0xef, 0xdf, 0xb9, 0x3d,
    0x95, 0xae, 0x87, 0xbf, 0x09, 0x00, 0x00, 0x00, 0xe1, 0x85, 0xd5, 0x3d,
    0xd9, 0x57, 0x7f, 0xbf, 0x59, 0x56, 0xb5, 0x3d, 0x84, 0x06, 0x80, 0xbf,
    0x38, 0x05, 0xac, 0x3d, 0x78, 0x62, 0x81, 0xbf, 0x68, 0x9c, 0xa3, 0x3d,
    0x96, 0x43, 0x81, 0xbf, 0x9d, 0x28, 0x91, 0x3d, 0x97, 0xac, 0x81, 0xbf,
    0xa9, 0x68, 0x6e, 0x3d, 0x58, 0xaf, 0x80, 0xbf, 0xaf, 0x49, 0x6e, 0x3d,
    0x35, 0xf0, 0x7f, 0xbf, 0xc7, 0xfe, 0x45, 0x3d, 0xd9, 0x57, 0x7f, 0xbf,
    0x46, 0xcd, 0x07, 0x3d, 0xf1, 0x9f, 0x7c, 0xbf, 0x07, 0x00, 0x00, 0x00,
    0x70, 0xc7, 0xcd, 0x3d, 0x7d, 0x17, 0x71, 0xbf, 0x9c, 0x0b, 0xaf, 0x3d,
    0x73, 0x68, 0x73, 0xbf, 0x85, 0x9a, 0x96, 0x3d, 0xdc, 0x0d, 0x73, 0xbf,
    0x4a, 0x5e, 0x81, 0x3d, 0x05, 0x4d, 0x71, 0xbf, 0xc0, 0x00, 0x64, 0x3d,
    0xca, 0x16, 0x72, 0xbf, 0x50, 0x55, 0x43, 0x3d, 0x9e, 0x79, 0x72, 0xbf,
    0x57, 0x53, 0x25, 0x3d, 0xfb, 0x9d, 0x73, 0xbf, 0x05, 0x00, 0x00, 0x00,
    0xc2, 0x01, 0x5d, 0x3f, 0x5f, 0x23, 0xdd, 0x3d, 0xae, 0xd5, 0x5b, 0x3f,
    0xd0, 0xfe, 0xed, 0x3d, 0xa9, 0x02, 0x5b, 0x3f, 0xdf, 0xbb, 0x10, 0x3e,
    0x86, 0xf4, 0x57, 0x3f, 0xe8, 0xb9, 0x07, 0x3e, 0x7a, 0xc5, 0x54, 0x3f,
    0x6b, 0x79, 0x05, 0x3e, 0x08, 0x00, 0x00, 0x00, 0x7a, 0xc5, 0x54, 0x3f,
    0x6b, 0x79, 0x05, 0x3e, 0xf1, 0x01, 0x54, 0x3f, 0x23, 0x85, 0x00, 0x3e,
    0x7c, 0x6a, 0x54, 0x3f, 0x8b, 0xd3, 0xf0, 0x3d, 0x16, 0x48, 0x53, 0x3f,
    0x06, 0xfc, 0xf1, 0x3d, 0x57, 0xc5, 0x50, 0x3f, 0xbc, 0xdc, 0xd7, 0x3d,
    0x6f, 0xc0, 0x4e, 0x3f, 0x06, 0x38, 0xd7, 0x3d, 0x8b, 0x72, 0x4f, 0x3f,
    0x5a, 0x55, 0xe8, 0x3d, 0x20, 0x7d, 0x4d, 0x3f, 0xdf, 0x8e, 0xf4, 0x3d,
    0x07, 0x00, 0x00, 0x00, 0x20, 0x7d, 0x4d, 0x3f, 0xdf, 0x8e, 0xf4, 0x3d,
    0xd1, 0x39, 0x4c, 0x3f, 0x82, 0x24, 0xf3, 0x3d, 0x07, 0x8c, 0x4a, 0x3f,
    0xc7, 0xb1, 0xfd, 0x3d, 0x8d, 0x2f, 0x49, 0x3f, 0x5f, 0x36, 0xf1, 0x3d,
    0xcf, 0xba, 0x45, 0x3f, 0x38, 0x7a, 0xfa, 0x3d, 0x9c, 0x29, 0x45, 0x3f,
    0x41, 0xf4, 0x06, 0x3e, 0x00, 0x3a, 0x43, 0x3f, 0x2d, 0xe5, 0x04, 0x3e,
    0x06, 0x00, 0x00, 0x00, 0x28, 0xc6, 0x3d, 0x3f, 0x4d, 0x7b, 0x55, 0x3d,
    0x16, 0x31, 0x3d, 0x3f, 0x73, 0x9c, 0x02, 0x3d, 0xfe, 0x35, 0x3f, 0x3f,
    0x3e, 0x3a, 0x48, 0x3c, 0x20, 0x40, 0x3e, 0x3f, 0xb4, 0x81, 0xc0, 0x3b,
    0xf8, 0x46, 0x40, 0x3f, 0xab, 0xe5, 0xd6, 0xbc, 0x3e, 0x04, 0x42, 0x3f,
    0x07, 0x04, 0x08, 0xbd, 0x07, 0x00, 0x00, 0x00, 0x0f, 0x88, 0x64, 0x3f,
    0x6a, 0xc4, 0x33, 0x3d, 0x50, 0xf7, 0x62, 0x3f, 0xcd, 0x0f, 0x3e, 0x3d,
    0xf3, 0xe3, 0x62, 0x3f, 0xeb, 0x42, 0x5f, 0x3d, 0x20, 0x19, 0x61, 0x3f,
    0x05, 0x3b, 0x80, 0x3d, 0xfc, 0xfc, 0x5e, 0x3f, 0xd4, 0x31, 0x99, 0x3d,
    0x0a, 0x56, 0x5f, 0x3f, 0x94, 0x98, 0xab, 0x3d, 0x43, 0x4d, 0x5d, 0x3f,
    0x90, 0xdd, 0xca, 0x3d, 0x03, 0x00, 0x00, 0x00, 0x43, 0x4d, 0x5d, 0x3f,
    0x90, 0xdd, 0xca, 0x3d, 0x97, 0xe8, 0x5c, 0x3f, 0xfc, 0xd7, 0xd2, 0x3d,
    0xc2, 0x01, 0x5d, 0x3f, 0x5f, 0x23, 0xdd, 0x3d, 0x0a, 0x00, 0x00, 0x00,
    0x85, 0x67, 0xc5, 0xbe, 0xfd, 0x80, 0x03, 0x3f, 0xb5, 0x5d, 0xc1, 0xbe,
    0x24, 0xa8, 0x00, 0x3f, 0x3b, 0x01, 0xc0, 0xbe, 0xa1, 0x65, 0xfa, 0x3e,
    0x3f, 0x55, 0xba, 0xbe, 0x50, 0xc2, 0xf7, 0x3e, 0xe0, 0x2f, 0xb7, 0xbe,
    0x50, 0xc2, 0xf7, 0x3e, 0x12, 0x38, 0xb6, 0xbe, 0x47, 0xee, 0xf3, 0x3e,
    0x2b, 0x67, 0xac, 0xbe, 0x12, 0xcc, 0xe9, 0x3e, 0xf5, 0x3a, 0xa7, 0xbe,
    0x93, 0xff, 0xe6, 0x3e, 0x67, 0xa4, 0xa5, 0xbe, 0x62, 0x32, 0xe5, 0x3e,
    0xf7, 0x7c, 0x9e, 0xbe, 0x2d, 0xc1, 0xe1, 0x3e, 0x0a, 0x00, 0x00, 0x00,
    0xf7, 0x7c, 0x9e, 0xbe, 0x2d, 0xc1, 0xe1, 0x3e, 0xa4, 0x78, 0x9f, 0xbe,
    0x71, 0xc2, 0xeb, 0x3e, 0xef, 0x7f, 0xa0, 0xbe, 0xa5, 0xa7, 0xee, 0x3e,
    0x99, 0x4d, 0xa0, 0xbe, 0xca, 0xad, 0xf1, 0x3e, 0xa3, 0x82, 0x9a, 0xbe,
    0x11, 0xa2, 0xf6, 0x3e, 0xdd, 0x28, 0x93, 0xbe, 0xd7, 0x62, 0xfe, 0x3e,
    0xc1, 0x76, 0x92, 0xbe, 0x33, 0xcd, 0x00, 0x3f, 0x01, 0x5d, 0x8f, 0xbe,
    0x16, 0x55, 0x01, 0x3f, 0x17, 0xcf, 0x8b, 0xbe, 0xd1, 0xe3, 0x03, 0x3f,
    0x77, 0x95, 0x8a, 0xbe, 0x8d, 0x44, 0x07, 0x3f, 0x0f, 0x00, 0x00, 0x00,
    0x77, 0x95, 0x8a, 0xbe, 0x8d, 0x44, 0x07, 0x3f, 0x4b, 0xe9, 0x8d, 0xbe,
    0xac, 0x8e, 0x07, 0x3f, 0xd5, 0xba, 0x8d, 0xbe, 0x00, 0x4a, 0x0b, 0x3f,
    0xd3, 0x9e, 0x8f, 0xbe, 0x13, 0x59, 0x0d, 0x3f, 0x22, 0xd4, 0x91, 0xbe,
    0x25, 0x50, 0x0e, 0x3f, 0xa0, 0x7a, 0x92, 0xbe, 0xb1, 0x6f, 0x10, 0x3f,
    0x4d, 0x5a, 0x95, 0xbe, 0xc5, 0xc4, 0x12, 0x3f, 0x87, 0xaa, 0xa0, 0xbe,
    0xc5, 0xc4, 0x12, 0x3f, 0x29, 0xda, 0xa6, 0xbe, 0x69, 0xe6, 0x11, 0x3f,
    0x91, 0x89, 0xad, 0xbe, 0xff, 0xb4, 0x11, 0x3f, 0x29, 0x2f, 0xb0, 0xbe,
    0x4c, 0x6e, 0x12, 0x3f, 0x9a, 0x72, 0xb5, 0xbe, 0xa5, 0xee, 0x11, 0x3f,
    0xd1, 0x3f, 0xb6, 0xbe, 0xb3, 0x41, 0x11, 0x3f, 0x45, 0xb1, 0xbc, 0xbe,
    0xfb, 0x10, 0x10, 0x3f, 0x5b, 0xd7, 0xc6, 0xbe, 0x96, 0x5e, 0x0b, 0x3f,
    0x0a, 0x00, 0x00, 0x00, 0xf7, 0x54, 0xdd, 0xbe, 0xed, 0xc9, 0xb1, 0x3e,
    0xd4, 0x3d, 0xc3, 0xbe, 0xed, 0xc9, 0xb1, 0x3e, 0x64, 0xf0, 0xc2, 0xbe,
    0x7a, 0x9a, 0xba, 0x3e, 0xea, 0x19, 0xa3, 0xbe, 0x5c, 0xdc, 0xba, 0x3e,
    0x58, 0xd0, 0xa2, 0xbe, 0x20, 0x85, 0xc1, 0x3e, 0xd9, 0xae, 0x9f, 0xbe,
    0xf4, 0x49, 0xcf, 0x3e, 0xbc, 0x5b, 0xa3, 0xbe, 0xed, 0xb2, 0xd2, 0x3e,
    0x50, 0xdd, 0x9f, 0xbe, 0x9f, 0x64, 0xd8, 0x3e, 0x92, 0xd5, 0x9f, 0xbe,
    0xa5, 0x20, 0xdb, 0x3e, 0x99, 0xd2, 0x9d, 0xbe, 0x66, 0x25, 0xe0, 0x3e,
    0x02, 0x00, 0x00, 0x00, 0x99, 0xd2, 0x9d, 0xbe, 0x66, 0x25, 0xe0, 0x3e,
    0xf7, 0x7c, 0x9e, 0xbe, 0x2d, 0xc1, 0xe1, 0x3e, 0x0a, 0x00, 0x00, 0x00,
    0xbe, 0x9d, 0x9a, 0xbe, 0xbd, 0xb7, 0x51, 0x3e, 0x36, 0xe8, 0x98, 0xbe,
    0xe0, 0x56, 0x5a, 0x3e, 0x04, 0x65, 0x97, 0xbe, 0x16, 0x05, 0x65, 0x3e,
    0xd6, 0xa6, 0x97, 0xbe, 0xe5, 0x99, 0x70, 0x3e, 0xa7, 0xb0, 0x9b, 0xbe,
    0x1c, 0x48, 0x7b, 0x3e, 0xe7, 0x11, 0x9b, 0xbe, 0xe5, 0xfb, 0x7d, 0x3e,
    0x3b, 0xad, 0x9a, 0xbe, 0x36, 0x37, 0xa3, 0x3e, 0xde, 0xf8, 0x9e, 0xbe,
    0x71, 0x64, 0xa9, 0x3e, 0x3d, 0x3a, 0xa0, 0xbe, 0xfc, 0x0a, 0xbf, 0x3e,
    0x19, 0x95, 0x9c, 0xbe, 0x22, 0x73, 0xcf, 0x3e, 0x05, 0x00, 0x00, 0x00,
    0x19, 0x95, 0x9c, 0xbe, 0x22, 0x73, 0xcf, 0x3e, 0x41, 0x8e, 0x9a, 0xbe,
    0xd8, 0xc8, 0xd6, 0x3e, 0xe7, 0x11, 0x9b, 0xbe, 0x3f, 0x93, 0xdc, 0x3e,
    0xdf, 0x14, 0x9d, 0xbe, 0xed, 0x14, 0xe0, 0x3e, 0x99, 0xd2, 0x9d, 0xbe,
    0x66, 0x25, 0xe0, 0x3e, 0x09, 0x00, 0x00, 0x00, 0xba, 0x30, 0x90, 0x3e,
    0x6c, 0x21, 0x93, 0xbe, 0x87, 0x0c, 0x93, 0x3e, 0xce, 0x0a, 0x90, 0xbe,
    0x0e, 0x47, 0x92, 0x3e, 0x4c, 0x9a, 0x8b, 0xbe, 0x8a, 0x3a, 0x94, 0x3e,
    0x7e, 0x42, 0x87, 0xbe, 0xc5, 0x51, 0x94, 0x3e, 0xfa, 0x45, 0x82, 0xbe,
    0xec, 0xb3, 0x91, 0x3e, 0x4a, 0xfd, 0x7b, 0xbe, 0x06, 0x54, 0x8f, 0x3e,
    0x99, 0x26, 0x70, 0xbe, 0xb9, 0xbf, 0x88, 0x3e, 0x71, 0x57, 0x65, 0xbe,
    0x94, 0x9f, 0x82, 0x3e, 0xc0, 0x80, 0x59, 0xbe, 0x06, 0x00, 0x00, 0x00,
    0x94, 0x9f, 0x82, 0x3e, 0xc0, 0x80, 0x59, 0xbe, 0x64, 0x1d, 0x7a, 0x3e,
    0xa0, 0xaa, 0x58, 0xbe, 0xf2, 0xe3, 0x6f, 0x3e, 0x2f, 0x31, 0x55, 0xbe,
    0x74, 0xde, 0x6a, 0x3e, 0x2e, 0x80, 0x4e, 0xbe, 0x18, 0xf1, 0x63, 0x3e,
    0xe0, 0xf4, 0x4c, 0xbe, 0x36, 0x60, 0x5e, 0x3e, 0x00, 0xcb, 0x4d, 0xbe,
    0x07, 0x00, 0x00, 0x00, 0x36, 0x60, 0x5e, 0x3e, 0x00, 0xcb, 0x4d, 0xbe,
    0xaa, 0x60, 0x5d, 0x3e, 0xd8, 0x5d, 0x50, 0xbe, 0xa1, 0xcc, 0x5e, 0x3e,
    0xfd, 0x14, 0x5a, 0xbe, 0x87, 0xcd, 0x5c, 0x3e, 0xe2, 0x6e, 0x5b, 0xbe,
    0xdb, 0x68, 0x5c, 0x3e, 0xa0, 0x5b, 0x5f, 0xbe, 0xfb, 0xc3, 0x60, 0x3e,
    0xdb, 0x39, 0x6c, 0xbe, 0x72, 0xf2, 0x60, 0x3e, 0xfe, 0xd8, 0x74, 0xbe,
    0x05, 0x00, 0x00, 0x00, 0x72, 0xf2, 0x60, 0x3e, 0xfe, 0xd8, 0x74, 0xbe,
    0x0b, 0xb4, 0x61, 0x3e, 0x59, 0xed, 0x8a, 0xbe, 0x33, 0xad, 0x5f, 0x3e,
    0x04, 0x57, 0x8d, 0xbe, 0x56, 0x40, 0x60, 0x3e, 0xb1, 0x4c, 0x90, 0xbe,
    0xeb, 0x58, 0x5d, 0x3e, 0x52, 0x07, 0x95, 0xbe, 0x0f, 0x00, 0x00, 0x00,
    0xea, 0x0c, 0x6b, 0x3e, 0x28, 0x82, 0x96, 0xbe, 0x3f, 0xa8, 0x6a, 0x3e,
    0x8e, 0x5e, 0x8e, 0xbe, 0xfe, 0x2a, 0x6d, 0x3e, 0xc5, 0x36, 0x8c, 0xbe,
    0xb6, 0x51, 0x6d, 0x3e, 0xfe, 0x9a, 0x8a, 0xbe, 0xe2, 0x6e, 0x71, 0x3e,
    0xba, 0x4a, 0x87, 0xbe, 0xa3, 0xae, 0x6d, 0x3e, 0xb2, 0x76, 0x83, 0xbe,
    0x74, 0x59, 0x6d, 0x3e, 0x61, 0x24, 0x7f, 0xbe, 0x65, 0x5f, 0x71, 0x3e,
    0xd7, 0x6b, 0x77, 0xbe, 0xdd, 0x83, 0x76, 0x3e, 0x39, 0x06, 0x7b, 0xbe,
    0x37, 0x85, 0x73, 0x3e, 0xc9, 0x78, 0x80, 0xbe, 0x72, 0x9c, 0x73, 0x3e,
    0x0b, 0x3d, 0x83, 0xbe, 0x51, 0xff, 0x77, 0x3e, 0xf5, 0xc6, 0x86, 0xbe,
    0x9f, 0xb9, 0x77, 0x3e, 0xb0, 0x9b, 0x89, 0xbe, 0x78, 0x7d, 0x73, 0x3e,
    0x88, 0xa2, 0x8b, 0xbe, 0xd3, 0xf9, 0x72, 0x3e, 0xad, 0x59, 0x95, 0xbe,
    0x0e, 0x00, 0x00, 0x00, 0x94, 0x9f, 0x82, 0x3e, 0xc0, 0x80, 0x59, 0xbe,
    0xe0, 0x3d, 0x84, 0x3e, 0xef, 0x84, 0x53, 0xbe, 0x52, 0x81, 0x89, 0x3e,
    0xca, 0x7e, 0x50, 0xbe, 0x87, 0xb7, 0x89, 0x3e, 0x53, 0xd5, 0x4a, 0xbe,
    0xa7, 0x38, 0x87, 0x3e, 0xec, 0x59, 0x3e, 0xbe, 0xac, 0xfd, 0x88, 0x3e,
    0xf3, 0x3f, 0x34, 0xbe, 0xaa, 0x66, 0x88, 0x3e, 0x89, 0x5d, 0x2d, 0xbe,
    0xe4, 0x61, 0x8a, 0x3e, 0xbf, 0xa9, 0x2a, 0xbe, 0xbd, 0x84, 0x8a, 0x3e,
    0xc1, 0xf9, 0xc5, 0xbd, 0xbb, 0xc7, 0x90, 0x3e, 0x54, 0xff, 0xbd, 0xbd,
    0x63, 0xe2, 0x91, 0x3e, 0x90, 0x2c, 0xc4, 0xbd, 0xe3, 0x73, 0xb8, 0x3e,
    0xd5, 0x6a, 0xd5, 0xbd, 0x63, 0x05, 0xdf, 0x3e, 0x1a, 0xa9, 0xe6, 0xbd,
    0x1c, 0x2c, 0xdf, 0x3e, 0x9e, 0xf8, 0xaf, 0xbd, 0x08, 0x00, 0x00, 0x00,
    0x1c, 0x2c, 0xdf, 0x3e, 0x9e, 0xf8, 0xaf, 0xbd, 0x26, 0xad, 0xcb, 0x3e,
    0xab, 0x96, 0xdd, 0xbc, 0x31, 0x2e, 0xb8, 0x3e, 0x91, 0x5a, 0x02, 0x3d,
    0xa8, 0xfd, 0xb3, 0x3e, 0xf4, 0x56, 0x13, 0x3d, 0x4c, 0x6f, 0xb1, 0x3e,
    0xfe, 0xdc, 0x3f, 0x3d, 0x97, 0xfb, 0xaf, 0x3e, 0x1c, 0x10, 0x61, 0x3d,
    0xbb, 0x4b, 0xaa, 0x3e, 0xc4, 0xd5, 0x61, 0x3d, 0x4e, 0x2c, 0xab, 0x3e,
    0x1e, 0x8d, 0x98, 0x3d, 0x08, 0x00, 0x00, 0x00, 0x4e, 0x2c, 0xab, 0x3e,
    0x1e, 0x8d, 0x98, 0x3d, 0x91, 0x96, 0x96, 0x3e, 0x0f, 0xae, 0x98, 0x3d,
    0x03, 0xa1, 0x90, 0x3e, 0xd3, 0x1e, 0x85, 0x3d, 0x9e, 0x1f, 0x8b, 0x3e,
    0x36, 0x08, 0x82, 0x3d, 0xa7, 0xb3, 0x89, 0x3e, 0xeb, 0x7e, 0x44, 0x3d,
    0x2f, 0xee, 0x88, 0x3e, 0x48, 0xe9, 0xc5, 0x3c, 0x13, 0xc1, 0x85, 0x3e,
    0xd1, 0x68, 0x91, 0x3c, 0x04, 0x68, 0x85, 0x3e, 0x8d, 0x27, 0xd7, 0x3b,
    0x10, 0x00, 0x00, 0x00, 0x04, 0x68, 0x85, 0x3e, 0x8d, 0x27, 0xd7, 0x3b,
    0x67, 0x5c, 0x85, 0x3e, 0x2a, 0x54, 0x97, 0xbb, 0xce, 0x15, 0x87, 0x3e,
    0xc7, 0xb9, 0x13, 0xbc, 0x8f, 0xd0, 0x85, 0x3e, 0x96, 0x9d, 0x98, 0xbc,
    0x0f, 0x18, 0x82, 0x3e, 0xea, 0xf6, 0x0e, 0xbd, 0x3c, 0x9f, 0x7e, 0x3e,
    0xcc, 0x9a, 0x1c, 0xbd, 0x18, 0x9b, 0x76, 0x3e, 0xe1, 0x31, 0x54, 0xbd,
    0x05, 0x02, 0x72, 0x3e, 0x7f, 0xf9, 0x5d, 0xbd, 0xbf, 0x60, 0x6e, 0x3e,
    0x1d, 0xd4, 0x7b, 0xbd, 0x84, 0xc4, 0x70, 0x3e, 0x54, 0x28, 0x8f, 0xbd,
    0x64, 0x69, 0x6c, 0x3e, 0xf1, 0xef, 0x98, 0xbd, 0x1b, 0x29, 0x60, 0x3e,
    0x94, 0x36, 0x9e, 0xbd, 0x95, 0x56, 0x51, 0x3e, 0xd4, 0xa6, 0xba, 0xbd,
    0xcc, 0x49, 0x4b, 0x3e, 0x3c, 0xc0, 0xb9, 0xbd, 0xd1, 0xb9, 0x43, 0x3e,
    0xd9, 0x87, 0xc3, 0xbd, 0xa7, 0x59, 0x39, 0x3e, 0xe3, 0x36, 0xc1, 0xbd,
    0x0a, 0x00, 0x00, 0x00, 0xa7, 0x59, 0x39, 0x3e, 0xe3, 0x36, 0xc1, 0xbd,
    0x30, 0xb0, 0x36, 0x3e, 0x50, 0xe2, 0xcf, 0xbd, 0x23, 0x73, 0x34, 0x3e,
    0x90, 0x3f, 0xd8, 0xbd, 0x59, 0x1a, 0x3c, 0x3e, 0x15, 0xc8, 0xdd, 0xbd,
    0x81, 0x13, 0x3a, 0x3e, 0x78, 0x13, 0xe8, 0xbd, 0xb0, 0x68, 0x3a, 0x3e,
    0xb3, 0x40, 0xee, 0xbd, 0xbc, 0x34, 0x35, 0x3e, 0xc2, 0xd0, 0xf4, 0xbd,
    0x74, 0x5b, 0x35, 0x3e, 0xad, 0x3d, 0x08, 0xbe, 0xaa, 0x0c, 0x38, 0x3e,
    0xf5, 0x31, 0x0d, 0xbe, 0x7e, 0x6a, 0x36, 0x3e, 0xeb, 0x82, 0x0f, 0xbe,
    0x14, 0x00, 0x00, 0x00, 0x7e, 0x6a, 0x36, 0x3e, 0xeb, 0x82, 0x0f, 0xbe,
    0xf5, 0x8e, 0x3b, 0x3e, 0xf7, 0xfa, 0x14, 0xbe, 0xe3, 0xe1, 0x40, 0x3e,
    0xe6, 0x03, 0x14, 0xbe, 0x38, 0xf8, 0x42, 0x3e, 0x64, 0x44, 0x16, 0xbe,
    0x12, 0x37, 0x41, 0x3e, 0x30, 0x10, 0x1a, 0xbe, 0xe7, 0x05, 0x47, 0x3e,
    0x01, 0x5b, 0x19, 0xbe, 0xfb, 0x9e, 0x4b, 0x3e, 0x26, 0xb0, 0x15, 0xbe,
    0x79, 0x1f, 0x53, 0x3e, 0xdc, 0x05, 0x1d, 0xbe, 0xbb, 0x0d, 0x58, 0x3e,
    0x69, 0x25, 0x1f, 0xbe, 0x71, 0xfc, 0x5b, 0x3e, 0x9f, 0x22, 0x23, 0xbe,
    0x9a, 0x70, 0x5c, 0x3e, 0x89, 0xac, 0x26, 0xbe, 0xdb, 0xed, 0x59, 0x3e,
    0x1a, 0xfc, 0x2a, 0xbe, 0x16, 0x8a, 0x57, 0x3e, 0x82, 0xc6, 0x30, 0xbe,
    0xdd, 0xaa, 0x53, 0x3e, 0x51, 0xaa, 0x35, 0xbe, 0x92, 0x1e, 0x55, 0x3e,
    0x62, 0x52, 0x3d, 0xbe, 0x29, 0xa8, 0x59, 0x3e, 0xa9, 0x46, 0x42, 0xbe,
    0x4b, 0x3b, 0x5a, 0x3e, 0x56, 0x3c, 0x45, 0xbe, 0x45, 0xdf, 0x57, 0x3e,
    0xbb, 0xee, 0x49, 0xbe, 0x86, 0xd7, 0x57, 0x3e, 0x76, 0xc3, 0x4c, 0xbe,
    0x36, 0x60, 0x5e, 0x3e, 0x00, 0xcb, 0x4d, 0xbe, 0x02, 0x00, 0x00, 0x00,
    0xe2, 0xd0, 0xf4, 0x3e, 0xab, 0x38, 0x1b, 0xbe, 0x1c, 0x2c, 0xdf, 0x3e,
    0x9e, 0xf8, 0xaf, 0xbd, 0x08, 0x00, 0x00, 0x00, 0xaa, 0x92, 0xdb, 0x3d,
    0x2f, 0x71, 0x05, 0x3d, 0x38, 0x32, 0xf4, 0x3d, 0x49, 0x5e, 0xe7, 0x3c,
    0x9d, 0x25, 0x23, 0x3e, 0x49, 0x0f, 0xee, 0x3c, 0x5f, 0xd6, 0x26, 0x3e,
    0x35, 0x3c, 0xd1, 0x3c, 0x1c, 0x9c, 0x2f, 0x3e, 0xbe, 0x92, 0xcb, 0x3c,
    0x1a, 0xdf, 0x35, 0x3e, 0xe5, 0x28, 0x9a, 0x3c, 0x8b, 0x22, 0x3b, 0x3e,
    0x04, 0xd1, 0x5c, 0x3c, 0xe7, 0x8a, 0x44, 0x3e, 0x6e, 0x6c, 0x80, 0x3c,
    0x05, 0x00, 0x00, 0x00, 0xe7, 0x8a, 0x44, 0x3e, 0x6e, 0x6c, 0x80, 0x3c,
    0xbf, 0x91, 0x46, 0x3e, 0x48, 0xd6, 0xb1, 0x3c, 0xad, 0x5f, 0x4e, 0x3e,
    0x5c, 0xa9, 0xce, 0x3c, 0x56, 0x11, 0x50, 0x3e, 0xfd, 0x54, 0x0a, 0x3d,
    0x44, 0x64, 0x55, 0x3e, 0xf4, 0x07, 0x1a, 0x3d, 0x04, 0x00, 0x00, 0x00,
    0x44, 0x64, 0x55, 0x3e, 0xf4, 0x07, 0x1a, 0x3d, 0xf7, 0x9f, 0x5a, 0x3e,
    0x39, 0xf7, 0x31, 0x3d, 0x74, 0xaf, 0x5a, 0x3e, 0xb0, 0xb3, 0x4b, 0x3d,
    0x85, 0x66, 0x50, 0x3e, 0x9d, 0x21, 0x81, 0x3d, 0x0a, 0x00, 0x00, 0x00,
    0x85, 0x66, 0x50, 0x3e, 0x9d, 0x21, 0x81, 0x3d, 0xf8, 0x70, 0x4a, 0x3e,
    0x7f, 0x6e, 0x7f, 0x3d, 0x98, 0xda, 0x3f, 0x3e, 0xac, 0xb1, 0x87, 0x3d,
    0x8a, 0xa7, 0x38, 0x3e, 0xca, 0xbe, 0x80, 0x3d, 0x42, 0xd8, 0x33, 0x3e,
    0x1d, 0x7a, 0x84, 0x3d, 0xfb, 0xc5, 0x28, 0x3e, 0xce, 0x35, 0x66, 0x3d,
    0x55, 0x4c, 0x23, 0x3e, 0xba, 0x13, 0x50, 0x3d, 0x98, 0x0b, 0x18, 0x3e,
    0xb9, 0xb1, 0x42, 0x3d, 0xe1, 0xab, 0x0c, 0x3e, 0xeb, 0x7e, 0x44, 0x3d,
    0x53, 0xbf, 0xdf, 0x3d, 0xc3, 0x60, 0x40, 0x3d, 0x03, 0x00, 0x00, 0x00,
    0x38, 0xd1, 0x65, 0x3e, 0x8f, 0x88, 0x81, 0x3e, 0xec, 0xc9, 0x64, 0x3e,
    0x5e, 0x0c, 0x7e, 0x3e, 0x11, 0x1a, 0x5f, 0x3e, 0x21, 0x78, 0x7d, 0x3e,
    0x15, 0x00, 0x00, 0x00, 0x11, 0x1a, 0x5f, 0x3e, 0x21, 0x78, 0x7d, 0x3e,
    0x65, 0xb5, 0x5e, 0x3e, 0xa0, 0x1f, 0x7a, 0x3e, 0xb7, 0x47, 0x72, 0x3e,
    0x0d, 0x07, 0x6e, 0x3e, 0x91, 0x01, 0x73, 0x3e, 0x6c, 0xd8, 0x69, 0x3e,
    0x54, 0xfe, 0x68, 0x3e, 0x2f, 0xe2, 0x5b, 0x3e, 0x07, 0x3a, 0x6e, 0x3e,
    0xe2, 0x0c, 0x4e, 0x3e, 0x52, 0x41, 0x6f, 0x3e, 0x36, 0x66, 0x44, 0x3e,
    0x93, 0xbe, 0x6c, 0x3e, 0x84, 0x40, 0x3f, 0x3e, 0xf7, 0x49, 0x6d, 0x3e,
    0xb8, 0xc3, 0x34, 0x3e, 0x7f, 0xaa, 0x65, 0x3e, 0x73, 0x36, 0x2a, 0x3e,
    0x15, 0x3e, 0x65, 0x3e, 0x04, 0x24, 0x21, 0x3e, 0xfb, 0x77, 0x6e, 0x3e,
    0x3c, 0x75, 0x0b, 0x3e, 0x1c, 0x15, 0x6a, 0x3e, 0x83, 0x07, 0x03, 0x3e,
    0x8d, 0x62, 0x6a, 0x3e, 0x38, 0xc9, 0xf3, 0x3d, 0x72, 0x21, 0x71, 0x3e,
    0x38, 0x67, 0xe6, 0x3d, 0xda, 0xd0, 0x77, 0x3e, 0x50, 0x80, 0xc2, 0x3d,
    0xc7, 0xb2, 0x75, 0x3e, 0x80, 0x27, 0x9c, 0x3d, 0x8e, 0xd3, 0x71, 0x3e,
    0xa7, 0xe3, 0x92, 0x3d, 0x9f, 0x8a, 0x67, 0x3e, 0xe7, 0xde, 0x8d, 0x3d,
    0x91, 0x57, 0x60, 0x3e, 0x85, 0x93, 0x83, 0x3d, 0x85, 0x66, 0x50, 0x3e,
    0x9d, 0x21, 0x81, 0x3d, 0x07, 0x00, 0x00, 0x00, 0x44, 0x64, 0x55, 0x3e,
    0xf4, 0x07, 0x1a, 0x3d, 0x8e, 0xa4, 0x61, 0x3e, 0x43, 0x93, 0x1b, 0x3d,
    0x3e, 0xb2, 0x65, 0x3e, 0x5b, 0x70, 0x92, 0x3c, 0x01, 0x59, 0x6e, 0x3e,
    0x6f, 0xce, 0x8d, 0x3c, 0x28, 0x06, 0x7a, 0x3e, 0xb5, 0x09, 0xf6, 0x3b,
    0xa3, 0x14, 0x81, 0x3e, 0xdb, 0xdb, 0xa9, 0x3b, 0x04, 0x68, 0x85, 0x3e,
    0x8d, 0x27, 0xd7, 0x3b, 0x04, 0x00, 0x00, 0x00, 0x4e, 0x2c, 0xab, 0x3e,
    0x1e, 0x8d, 0x98, 0x3d, 0xa1, 0x26, 0xaf, 0x3e, 0x81, 0xfe, 0xca, 0x3d,
    0xfa, 0xb5, 0xc0, 0x3e, 0x10, 0x3a, 0x19, 0x3e, 0xce, 0xbd, 0xd1, 0x3e,
    0x9b, 0x7a, 0x56, 0x3e, 0x04, 0x00, 0x00, 0x00, 0xce, 0xbd, 0xd1, 0x3e,
    0x9b, 0x7a, 0x56, 0x3e, 0x75, 0xe2, 0xcd, 0x3e, 0x72, 0xb9, 0x72, 0x3e,
    0xf1, 0xfb, 0xc8, 0x3e, 0xf2, 0xc2, 0x7c, 0x3e, 0xc6, 0x4f, 0xcc, 0x3e,
    0xe2, 0xb7, 0x84, 0x3e, 0x14, 0x00, 0x00, 0x00, 0x11, 0x1a, 0x5f, 0x3e,
    0x21, 0x78, 0x7d, 0x3e, 0x3f, 0xfe, 0x57, 0x3e, 0xfa, 0x45, 0x82, 0x3e,
    0xa5, 0xc1, 0x54, 0x3e, 0xad, 0x46, 0x81, 0x3e, 0xd6, 0xd3, 0x4e, 0x3e,
    0x60, 0xd3, 0x80, 0x3e, 0xdd, 0x00, 0x41, 0x3e, 0x80, 0x98, 0x72, 0x3e,
    0x68, 0x99, 0x35, 0x3e, 0xa3, 0xd5, 0x6d, 0x3e, 0x05, 0x50, 0x2c, 0x3e,
    0x43, 0x53, 0x6b, 0x3e, 0xd3, 0x51, 0x28, 0x3e, 0x76, 0x87, 0x67, 0x3e,
    0xd7, 0xcb, 0x1b, 0x3e, 0x14, 0xed, 0x63, 0x3e, 0x11, 0x72, 0x14, 0x3e,
    0x59, 0x67, 0x5a, 0x3e, 0xa2, 0x66, 0x0b, 0x3e, 0x16, 0xa3, 0x57, 0x3e,
    0x94, 0x33, 0x04, 0x3e, 0x67, 0x95, 0x53, 0x3e, 0x26, 0x85, 0xf9, 0x3d,
    0x27, 0xe9, 0x51, 0x3e, 0x11, 0x7b, 0xed, 0x3d, 0x29, 0x9f, 0x45, 0x3e,
    0x9d, 0x2e, 0xfc, 0x3d, 0xa9, 0x95, 0x3b, 0x3e, 0xbc, 0x93, 0xfb, 0x3d,
    0x31, 0xd4, 0x34, 0x3e, 0x6e, 0xb4, 0xe6, 0x3d, 0x73, 0x36, 0x2a, 0x3e,
    0x80, 0x57, 0xe6, 0x3d, 0x49, 0x00, 0x25, 0x3e, 0x6e, 0xdb, 0xc3, 0x3d,
    0x18, 0x82, 0x1c, 0x3e, 0x83, 0x91, 0xaa, 0x3d, 0xa4, 0xf0, 0x17, 0x3e,
    0x0c, 0x00, 0x00, 0x00, 0xbd, 0xa7, 0x04, 0x3e, 0xea, 0x8b, 0x88, 0x3e,
    0x42, 0x12, 0xe5, 0x3d, 0xef, 0x0a, 0x84, 0x3e, 0x0f, 0x99, 0xde, 0x3d,
    0x26, 0xe3, 0x81, 0x3e, 0xa0, 0xe3, 0xc2, 0x3d, 0x34, 0x36, 0x81, 0x3e,
    0x26, 0xd3, 0xb3, 0x3d, 0xcd, 0x1c, 0x82, 0x3e, 0x4a, 0x2d, 0xa9, 0x3d,
    0x62, 0x5f, 0x81, 0x3e, 0x8c, 0x7b, 0x96, 0x3d, 0x7a, 0x9e, 0x85, 0x3e,
    0x1f, 0xa8, 0x89, 0x3d, 0xe5, 0x5b, 0x86, 0x3e, 0xa9, 0x68, 0x6e, 0x3d,
    0x29, 0xac, 0x89, 0x3e, 0x47, 0x6b, 0x57, 0x3d, 0x14, 0xc2, 0x8d, 0x3e,
    0xd1, 0xde, 0x36, 0x3d, 0xe8, 0x24, 0x8e, 0x3e, 0xff, 0x0e, 0x22, 0x3d,
    0xbd, 0x13, 0x8f, 0x3e, 0x05, 0x00, 0x00, 0x00, 0xff, 0x0e, 0x22, 0x3d,
    0xbd, 0x13, 0x8f, 0x3e, 0x81, 0xeb, 0xf6, 0x3c, 0x07, 0x6f, 0x8e, 0x3e,
    0x59, 0x66, 0x0c, 0x3d, 0x33, 0x5b, 0x87, 0x3e, 0x8f, 0x46, 0x1f, 0x3d,
    0x32, 0x1e, 0x80, 0x3e, 0xff, 0x0e, 0x22, 0x3d, 0x7b, 0xb7, 0x69, 0x3e,
    0x05, 0x00, 0x00, 0x00, 0xff, 0x0e, 0x22, 0x3d, 0x7b, 0xb7, 0x69, 0x3e,
    0x38, 0xee, 0x25, 0x3d, 0xfe, 0x76, 0x67, 0x3e, 0x11, 0xbc, 0x1c, 0x3d,
    0xb9, 0xe9, 0x5c, 0x3e, 0x26, 0x4b, 0x26, 0x3d, 0x18, 0x0a, 0x52, 0x3e,
    0x12, 0xb2, 0x21, 0x3d, 0xe7, 0x8b, 0x49, 0x3e, 0x02, 0x00, 0x00, 0x00,
    0x12, 0xb2, 0x21, 0x3d, 0xe7, 0x8b, 0x49, 0x3e, 0xc1, 0x44, 0x23, 0x3d,
    0xf0, 0x76, 0x2c, 0x3e, 0x0a, 0x00, 0x00, 0x00, 0x32, 0xf3, 0xd3, 0x3d,
    0x0c, 0x96, 0x97, 0x3c, 0x2e, 0x79, 0xe0, 0x3d, 0xb5, 0x58, 0x6f, 0x3c,
    0x1f, 0x29, 0xf7, 0x3d, 0xdb, 0x2a, 0x23, 0x3c, 0x46, 0x79, 0x04, 0x3e,
    0x02, 0x85, 0x0c, 0x3c, 0x0b, 0x91, 0x14, 0x3e, 0xdc, 0x50, 0x4b, 0x3c,
    0xfc, 0x11, 0x1b, 0x3e, 0xb3, 0x48, 0x04, 0x3c, 0xa7, 0x2a, 0x29, 0x3e,
    0x52, 0xfa, 0xd0, 0x3b, 0xcc, 0x24, 0x36, 0x3e, 0x66, 0x09, 0xd3, 0x3b,
    0xb1, 0x5e, 0x3f, 0x3e, 0x52, 0x5c, 0x5e, 0xba, 0x93, 0xef, 0x44, 0x3e,
    0x04, 0x20, 0xd6, 0x39, 0x02, 0x00, 0x00, 0x00, 0x93, 0xef, 0x44, 0x3e,
    0x04, 0x20, 0xd6, 0x39, 0xe7, 0x8a, 0x44, 0x3e, 0x6e, 0x6c, 0x80, 0x3c,
    0x06, 0x00, 0x00, 0x00, 0xe8, 0x8d, 0xb2, 0x3d, 0x75, 0x37, 0x4c, 0xbd,
    0x93, 0xa6, 0xc0, 0x3d, 0xf5, 0xde, 0x48, 0xbd, 0xe3, 0x71, 0xdf, 0x3d,
    0xff, 0x02, 0x68, 0xbd, 0x24, 0xe6, 0x03, 0x3e, 0x6b, 0x39, 0x55, 0xbd,
    0x20, 0xe7, 0x12, 0x3e, 0xea, 0x1c, 0x37, 0xbd, 0xc4, 0x57, 0x2c, 0x3e,
    0x61, 0x28, 0x4a, 0xbd, 0x07, 0x00, 0x00, 0x00, 0xc4, 0x57, 0x2c, 0x3e,
    0x61, 0x28, 0x4a, 0xbd, 0x11, 0xc6, 0x39, 0x3e, 0xff, 0xef, 0x53, 0xbd,
    0x06, 0xf0, 0x43, 0x3e, 0xcd, 0x22, 0x52, 0xbd, 0x1c, 0xc1, 0x44, 0x3e,
    0xd2, 0x2c, 0xac, 0xbc, 0x1f, 0x74, 0x43, 0x3e, 0x66, 0xba, 0x59, 0xbc,
    0x8a, 0x5b, 0x46, 0x3e, 0xdd, 0x27, 0xfa, 0xbb, 0x93, 0xef, 0x44, 0x3e,
    0x04, 0x20, 0xd6, 0x39, 0x07, 0x00, 0x00, 0x00, 0xa7, 0x59, 0x39, 0x3e,
    0xe3, 0x36, 0xc1, 0xbd, 0xaf, 0x72, 0x35, 0x3e, 0x19, 0x21, 0xb1, 0xbd,
    0x9f, 0x8c, 0x2f, 0x3e, 0xed, 0xd2, 0xaa, 0xbd, 0xa1, 0xc4, 0x2b, 0x3e,
    0x23, 0xbd, 0x9a, 0xbd, 0x79, 0x46, 0x30, 0x3e, 0xbb, 0x41, 0x8e, 0xbd,
    0xd7, 0xf0, 0x30, 0x3e, 0x75, 0x0e, 0x7b, 0xbd, 0xc4, 0x57, 0x2c, 0x3e,
    0x61, 0x28, 0x4a, 0xbd, 0x0a, 0x00, 0x00, 0x00, 0xf0, 0xfc, 0x9b, 0x3d,
    0x75, 0xd9, 0x09, 0xbe, 0x85, 0x73, 0xb9, 0x3d, 0x17, 0x6f, 0x08, 0xbe,
    0x9f, 0xed, 0xbd, 0x3d, 0xd7, 0xc2, 0x06, 0xbe, 0x4a, 0x06, 0xcc, 0x3d,
    0x9c, 0x46, 0x07, 0xbe, 0xc9, 0xf7, 0xda, 0x3d, 0x35, 0xde, 0x0e, 0xbe,
    0x4d, 0x63, 0xdd, 0x3d, 0xab, 0x87, 0x14, 0xbe, 0x55, 0x30, 0xe7, 0x3d,
    0xd5, 0xbd, 0x19, 0xbe, 0x25, 0x0a, 0xf7, 0x3d, 0x90, 0xe1, 0x15, 0xbe,
    0xd6, 0x2b, 0x04, 0x3e, 0xc1, 0xae, 0x17, 0xbe, 0xca, 0x5f, 0x09, 0x3e,
    0xa1, 0xd8, 0x16, 0xbe, 0x0a, 0x00, 0x00, 0x00, 0xca, 0x5f, 0x09, 0x3e,
    0xa1, 0xd8, 0x16, 0xbe, 0xca, 0x5f, 0x09, 0x3e, 0xe6, 0x03, 0x14, 0xbe,
    0xb9, 0x2d, 0x11, 0x3e, 0xe4, 0xeb, 0x12, 0xbe, 0x87, 0xa0, 0x14, 0x3e,
    0x41, 0x56, 0x14, 0xbe, 0x88, 0x1b, 0x17, 0x3e, 0x89, 0x99, 0x12, 0xbe,
    0x59, 0x41, 0x19, 0x3e, 0x01, 0xf9, 0x0b, 0xbe, 0x39, 0x90, 0x27, 0x3e,
    0x84, 0x69, 0x10, 0xbe, 0x7c, 0xf9, 0x2e, 0x3e, 0xab, 0x87, 0x14, 0xbe,
    0x45, 0x06, 0x35, 0x3e, 0xd5, 0x0c, 0x13, 0xbe, 0x7e, 0x6a, 0x36, 0x3e,
    0xeb, 0x82, 0x0f, 0xbe, 0x09, 0x00, 0x00, 0x00, 0xca, 0x5f, 0x09, 0x3e,
    0xa1, 0xd8, 0x16, 0xbe, 0xf3, 0xd3, 0x09, 0x3e, 0x61, 0xdd, 0x1b, 0xbe,
    0xe5, 0xa0, 0x02, 0x3e, 0x3c, 0x88, 0x1f, 0xbe, 0x20, 0xb8, 0x02, 0x3e,
    0xfd, 0x8c, 0x24, 0xbe, 0xdc, 0x87, 0x06, 0x3e, 0xe6, 0x16, 0x28, 0xbe,
    0x2c, 0xb3, 0x0d, 0x3e, 0xf3, 0xdd, 0x26, 0xbe, 0x78, 0xa6, 0x18, 0x3e,
    0x9a, 0x54, 0x2e, 0xbe, 0xa1, 0x9f, 0x16, 0x3e, 0xff, 0x06, 0x33, 0xbe,
    0xf5, 0x3a, 0x16, 0x3e, 0xcc, 0xd2, 0x36, 0xbe, 0x0d, 0x00, 0x00, 0x00,
    0xf5, 0x3a, 0x16, 0x3e, 0xcc, 0xd2, 0x36, 0xbe, 0xaa, 0x33, 0x15, 0x3e,
    0x13, 0xc7, 0x3b, 0xbe, 0x18, 0xc4, 0x1b, 0x3e, 0xa9, 0x95, 0x3b, 0xbe,
    0x67, 0x74, 0x20, 0x3e, 0x64, 0x6a, 0x3e, 0xbe, 0x9d, 0xa0, 0x25, 0x3e,
    0x27, 0xd6, 0x3d, 0xbe, 0xda, 0x28, 0x2d, 0x3e, 0x6c, 0xb2, 0x41, 0xbe,
    0xd1, 0x8a, 0x33, 0x3e, 0x2c, 0xb7, 0x46, 0xbe, 0x90, 0x92, 0x33, 0x3e,
    0xc5, 0xff, 0x54, 0xbe, 0x3e, 0x2f, 0x30, 0x3e, 0x65, 0x2e, 0x59, 0xbe,
    0x92, 0xca, 0x2f, 0x3e, 0x34, 0x12, 0x5e, 0xbe, 0x59, 0xeb, 0x2b, 0x3e,
    0xd1, 0x28, 0x61, 0xbe, 0x17, 0xfd, 0x26, 0x3e, 0xe5, 0x37, 0x63, 0xbe,
    0xac, 0x1f, 0x1f, 0x3e, 0xa0, 0xbd, 0x6c, 0xbe, 0x09, 0x00, 0x00, 0x00,
    0x3f, 0x54, 0x45, 0x3e, 0x05, 0x32, 0x87, 0xbe, 0x7e, 0x0a, 0x4e, 0x3e,
    0x0b, 0x3d, 0x83, 0xbe, 0x50, 0xb5, 0x4d, 0x3e, 0x42, 0x89, 0x80, 0xbe,
    0xf6, 0xb3, 0x50, 0x3e, 0x1e, 0x60, 0x7c, 0xbe, 0xb4, 0xbb, 0x50, 0x3e,
    0x60, 0x73, 0x78, 0xbe, 0xbb, 0x17, 0x53, 0x3e, 0xa5, 0x9e, 0x75, 0xbe,
    0x8a, 0x05, 0x59, 0x3e, 0xf4, 0x29, 0x77, 0xbe, 0xa9, 0xe5, 0x5a, 0x3e,
    0x59, 0x2b, 0x75, 0xbe, 0x72, 0xf2, 0x60, 0x3e, 0xfe, 0xd8, 0x74, 0xbe,
    0x05, 0x00, 0x00, 0x00, 0x0c, 0x90, 0xf2, 0x3d, 0x1b, 0x71, 0x4c, 0xbe,
    0x40, 0xff, 0xfd, 0x3d, 0x02, 0x32, 0x48, 0xbe, 0x94, 0x33, 0x04, 0x3e,
    0xf1, 0x3a, 0x47, 0xbe, 0xa2, 0xe1, 0x0d, 0x3e, 0x93, 0x1f, 0x3f, 0xbe,
    0xf5, 0x3a, 0x16, 0x3e, 0xcc, 0xd2, 0x36, 0xbe, 0x05, 0x00, 0x00, 0x00,
    0x3a, 0x82, 0x7a, 0x3d, 0x76, 0xe3, 0xa4, 0x3e, 0x6d, 0x80, 0x7e, 0x3d,
    0x87, 0x29, 0x9f, 0x3e, 0x82, 0x3d, 0x85, 0x3d, 0x3d, 0x1d, 0x99, 0x3e,
    0xa1, 0x9b, 0x64, 0x3d, 0x22, 0xc6, 0x93, 0x3e, 0xff, 0x0e, 0x22, 0x3d,
    0xbd, 0x13, 0x8f, 0x3e, 0x08, 0x00, 0x00, 0x00, 0x97, 0x15, 0x13, 0x3e,
    0xb5, 0x8b, 0xdb, 0x3e, 0xcb, 0xda, 0x0b, 0x3e, 0x84, 0x6f, 0xe0, 0x3e,
    0xf5, 0x0b, 0x06, 0x3e, 0xfd, 0x7f, 0xe0, 0x3e, 0xa9, 0x75, 0xf9, 0x3d,
    0x0b, 0x84, 0xe6, 0x3e, 0x42, 0x08, 0xea, 0x3d, 0x5e, 0x3f, 0xea, 0x3e,
    0x13, 0x8e, 0xd4, 0x3d, 0xdc, 0x7f, 0xec, 0x3e, 0xeb, 0x65, 0xc6, 0x3d,
    0xdc, 0x30, 0xf3, 0x3e, 0xb1, 0x15, 0xbb, 0x3d, 0x3a, 0x9b, 0xf4, 0x3e,
    0x04, 0x00, 0x00, 0x00, 0xe3, 0xe3, 0xaa, 0xbd, 0xa5, 0x3c, 0x68, 0x3e,
    0xdb, 0x9b, 0x9e, 0xbd, 0xa5, 0x8b, 0x61, 0x3e, 0xa4, 0xa8, 0xa4, 0xbd,
    0x11, 0x24, 0x5c, 0x3e, 0x0b, 0x16, 0xb4, 0xbd, 0x4c, 0xef, 0x54, 0x3e,
    0x11, 0x00, 0x00, 0x00, 0xa6, 0x36, 0x8e, 0xbd, 0xe0, 0x43, 0x46, 0x3e,
    0x3a, 0xfb, 0x74, 0xbd, 0xc2, 0xe7, 0x53, 0x3e, 0xbb, 0xab, 0x45, 0xbd,
    0x4a, 0x26, 0x4d, 0x3e, 0x54, 0xc3, 0x33, 0xbd, 0x0c, 0x43, 0x53, 0x3e,
    0x1a, 0xee, 0x2a, 0xbd, 0x27, 0x4b, 0x5f, 0x3e, 0x72, 0x59, 0x0b, 0xbd,
    0xfe, 0xc5, 0x60, 0x3e, 0x91, 0x97, 0x2d, 0xbd, 0xb9, 0x4b, 0x6a, 0x3e,
    0xf6, 0x9d, 0x30, 0xbd, 0x28, 0x0f, 0x7a, 0x3e, 0xbe, 0xdb, 0x0e, 0xbd,
    0x34, 0x87, 0x7f, 0x3e, 0x97, 0x9c, 0xbe, 0xbc, 0x15, 0xec, 0x80, 0x3e,
    0x02, 0x1a, 0x1e, 0xbc, 0x8f, 0xd9, 0x7f, 0x3e, 0x51, 0xbf, 0x34, 0x3a,
    0xd7, 0x6b, 0x77, 0x3e, 0xb9, 0x2c, 0xab, 0x3c, 0x61, 0x24, 0x7f, 0x3e,
    0x09, 0x7d, 0xc7, 0x3c, 0xde, 0xb3, 0x7a, 0x3e, 0x5e, 0xdf, 0xbb, 0x3c,
    0x56, 0x62, 0x6d, 0x3e, 0x45, 0xd7, 0x02, 0x3d, 0x96, 0x5d, 0x68, 0x3e,
    0xff, 0x0e, 0x22, 0x3d, 0x7b, 0xb7, 0x69, 0x3e, 0x04, 0x00, 0x00, 0x00,
    0x1f, 0x50, 0x90, 0x3c, 0x35, 0xa2, 0x29, 0x3e, 0x6b, 0xc8, 0x98, 0x3c,
    0x7f, 0xae, 0x2f, 0x3e, 0xb6, 0x54, 0x97, 0x3c, 0xd8, 0xac, 0x49, 0x3e,
    0x12, 0xb2, 0x21, 0x3d, 0xe7, 0x8b, 0x49, 0x3e, 0x09, 0x00, 0x00, 0x00,
    0xb8, 0xf8, 0x24, 0xbe, 0xd3, 0x5d, 0x12, 0x3f, 0x1d, 0xf5, 0x2c, 0xbe,
    0x42, 0x79, 0x14, 0x3f, 0xd1, 0x1c, 0x3c, 0xbe, 0x9e, 0x9d, 0x15, 0x3f,
    0xd8, 0xf3, 0x40, 0xbe, 0x15, 0xdc, 0x14, 0x3f, 0x2f, 0x71, 0x4f, 0xbe,
    0x7d, 0xf5, 0x13, 0x3f, 0xb5, 0x43, 0x5e, 0xbe, 0xbb, 0xcf, 0x14, 0x3f,
    0x36, 0x77, 0x64, 0xbe, 0x7b, 0x69, 0x13, 0x3f, 0xa0, 0x12, 0x75, 0xbe,
    0x78, 0x0b, 0x12, 0x3f, 0x72, 0xb3, 0x79, 0xbe, 0xc9, 0x68, 0x14, 0x3f,
    0x03, 0x00, 0x00, 0x00, 0x72, 0xb3, 0x79, 0xbe, 0xc9, 0x68, 0x14, 0x3f,
    0x5e, 0x37, 0x84, 0xbe, 0x7d, 0xd9, 0x06, 0x3f, 0x77, 0x95, 0x8a, 0xbe,
    0x8d, 0x44, 0x07, 0x3f, 0x0a, 0x00, 0x00, 0x00, 0x19, 0x95, 0x9c, 0xbe,
    0x22, 0x73, 0xcf, 0x3e, 0x58, 0x00, 0x97, 0xbe, 0x7e, 0xa0, 0xc9, 0x3e,
    0x30, 0xb2, 0x8f, 0xbe, 0x34, 0x94, 0xc3, 0x3e, 0xcc, 0x85, 0x66, 0xbe,
    0x44, 0xff, 0xc3, 0x3e, 0x01, 0xbc, 0x66, 0xbe, 0xaa, 0x9f, 0xd6, 0x3e,
    0xfd, 0x97, 0x60, 0xbe, 0x03, 0xda, 0xd5, 0x3e, 0xd6, 0xe0, 0x59, 0xbe,
    0xac, 0x2b, 0xd7, 0x3e, 0xc5, 0x7f, 0x51, 0xbe, 0x20, 0x98, 0xd5, 0x3e,
    0x02, 0xd9, 0x48, 0xbe, 0xaa, 0x9f, 0xd6, 0x3e, 0x21, 0x48, 0x43, 0xbe,
    0xd5, 0xb0, 0xd5, 0x3e, 0x10, 0x00, 0x00, 0x00, 0x3e, 0xe6, 0x4d, 0xbe,
    0xb8, 0x68, 0x1a, 0x3f, 0x44, 0x7b, 0x5b, 0xbe, 0xa7, 0x2b, 0x19, 0x3f,
    0x99, 0xb6, 0x72, 0xbe, 0xb8, 0x68, 0x1a, 0x3f, 0xe7, 0x70, 0x72, 0xbe,
    0x25, 0xf8, 0x1b, 0x3f, 0xfe, 0x37, 0x78, 0xbe, 0xed, 0x93, 0x1d, 0x3f,
    0x53, 0x91, 0x82, 0xbe, 0x97, 0x71, 0x1f, 0x3f, 0x04, 0x10, 0x8e, 0xbe,
    0x6a, 0xd4, 0x1f, 0x3f, 0x23, 0xf0, 0x8f, 0xbe, 0x48, 0xe6, 0x1d, 0x3f,
    0xa4, 0x23, 0x96, 0xbe, 0x45, 0x88, 0x1c, 0x3f, 0x60, 0x9e, 0x90, 0xbe,
    0xf3, 0x9e, 0x19, 0x3f, 0xc5, 0x4f, 0x8a, 0xbe, 0x7a, 0x48, 0x19, 0x3f,
    0xda, 0x2a, 0x86, 0xbe, 0x6d, 0x3b, 0x1a, 0x3f, 0x32, 0x95, 0x82, 0xbe,
    0x8a, 0xf9, 0x19, 0x3f, 0x46, 0x54, 0x80, 0xbe, 0x95, 0x34, 0x18, 0x3f,
    0x5c, 0x25, 0x81, 0xbe, 0x83, 0xf7, 0x16, 0x3f, 0x72, 0xb3, 0x79, 0xbe,
    0xc9, 0x68, 0x14, 0x3f, 0x03, 0x00, 0x00, 0x00, 0x4f, 0xe4, 0xee, 0xbe,
    0x54, 0x4b, 0x0f, 0x3f, 0xba, 0xf1, 0xea, 0xbe, 0x80, 0xe8, 0x0e, 0x3f,
    0xa9, 0xef, 0xe6, 0xbe, 0xac, 0x3f, 0x0e, 0x3f, 0x04, 0x00, 0x00, 0x00,
    0xa9, 0xfe, 0x4a, 0xbd, 0xae, 0xaf, 0x01, 0x3f, 0x8b, 0x8f, 0x50, 0xbd,
    0x96, 0x67, 0x04, 0x3f, 0xb6, 0xe7, 0x27, 0xbd, 0x99, 0xc5, 0x05, 0x3f,
    0xc9, 0x80, 0x2c, 0xbd, 0xe9, 0x22, 0x08, 0x3f, 0x02, 0x00, 0x00, 0x00,
    0x7c, 0x25, 0x12, 0x3f, 0xc4, 0x9a, 0x1f, 0x3f, 0x65, 0xbd, 0x10, 0x3f,
    0xff, 0xd0, 0x1e, 0x3f, 0x07, 0x00, 0x00, 0x00, 0x65, 0xbd, 0x10, 0x3f,
    0xff, 0xd0, 0x1e, 0x3f, 0x25, 0x5c, 0x11, 0x3f, 0x37, 0x35, 0x1d, 0x3f,
    0x5e, 0x61, 0x0e, 0x3f, 0x62, 0x46, 0x1c, 0x3f, 0x98, 0xe1, 0x0d, 0x3f,
    0x83, 0x62, 0x1d, 0x3f, 0xc7, 0x44, 0x0d, 0x3f, 0x26, 0x3e, 0x1c, 0x3f,
    0xc4, 0x16, 0x0c, 0x3f, 0xbc, 0x0c, 0x1c, 0x3f, 0xa5, 0xb1, 0x0c, 0x3f,
    0x2a, 0x28, 0x1e, 0x3f, 0x03, 0x00, 0x00, 0x00, 0xa5, 0xb1, 0x0c, 0x3f,
    0x2a, 0x28, 0x1e, 0x3f, 0x5e, 0xf4, 0x0a, 0x3f, 0xfd, 0x44, 0x1e, 0x3f,
    0xcd, 0xd0, 0x03, 0x3f, 0x9e, 0x08, 0x1c, 0x3f, 0x03, 0x00, 0x00, 0x00,
    0xcd, 0xd0, 0x03, 0x3f, 0x9e, 0x08, 0x1c, 0x3f, 0x02, 0xf9, 0x04, 0x3f,
    0x70, 0x99, 0x1b, 0x3f, 0xd3, 0x7d, 0x0b, 0x3f, 0x2e, 0x1b, 0x19, 0x3f,
    0x04, 0x00, 0x00, 0x00, 0x15, 0xd9, 0x13, 0x3f, 0x55, 0xf3, 0x1c, 0x3f,
    0x25, 0xd7, 0x13, 0x3f, 0x49, 0x72, 0x1e, 0x3f, 0x7d, 0xa0, 0x14, 0x3f,
    0x3b, 0xd9, 0x1e, 0x3f, 0xfa, 0xaf, 0x14, 0x3f, 0x10, 0x0e, 0x20, 0x3f,
    0x04, 0x00, 0x00, 0x00, 0xfa, 0xaf, 0x14, 0x3f, 0x10, 0x0e, 0x20, 0x3f,
    0x78, 0xdb, 0x12, 0x3f, 0x89, 0x1e, 0x20, 0x3f, 0x3b, 0x2d, 0x12, 0x3f,
    0x0f, 0x82, 0x1f, 0x3f, 0x7c, 0x25, 0x12, 0x3f, 0xc4, 0x9a, 0x1f, 0x3f,
    0x05, 0x00, 0x00, 0x00, 0x3f, 0xcc, 0x1a, 0x3f, 0xd6, 0xd7, 0x20, 0x3f,
    0x3b, 0x90, 0x1a, 0x3f, 0x8f, 0xda, 0x22, 0x3f, 0x05, 0xd1, 0x18, 0x3f,
    0xdc, 0x93, 0x23, 0x3f, 0x4c, 0x21, 0x17, 0x3f, 0x13, 0x26, 0x21, 0x3f,
    0xfa, 0xaf, 0x14, 0x3f, 0x10, 0x0e, 0x20, 0x3f, 0x03, 0x00, 0x00, 0x00,
    0x65, 0xbd, 0x10, 0x3f, 0xff, 0xd0, 0x1e, 0x3f, 0x91, 0x00, 0x0e, 0x3f,
    0xff, 0xd0, 0x1e, 0x3f, 0xa5, 0xb1, 0x0c, 0x3f, 0x2a, 0x28, 0x1e, 0x3f,
    0x0a, 0x00, 0x00, 0x00, 0x54, 0x6a, 0x07, 0x3f, 0xcb, 0x70, 0x29, 0x3e,
    0x68, 0x70, 0x0f, 0x3f, 0x33, 0xd9, 0x21, 0x3e, 0x2b, 0x3d, 0x11, 0x3f,
    0xa1, 0xd8, 0x16, 0x3e, 0x03, 0x52, 0x12, 0x3f, 0x37, 0xa7, 0x16, 0x3e,
    0x7a, 0xfb, 0x14, 0x3f, 0x43, 0x0c, 0x08, 0x3e, 0xfd, 0x58, 0x18, 0x3f,
    0xf5, 0x80, 0x06, 0x3e, 0xdd, 0xd7, 0x1a, 0x3f, 0x86, 0x81, 0x11, 0x3e,
    0xb0, 0x86, 0x1e, 0x3f, 0x26, 0xb0, 0x15, 0x3e, 0xa5, 0xc8, 0x22, 0x3f,
    0x6b, 0xdb, 0x12, 0x3e, 0x3f, 0x13, 0x25, 0x3f, 0x46, 0x86, 0x16, 0x3e,
    0x08, 0x00, 0x00, 0x00, 0x4a, 0x0f, 0x14, 0x3f, 0xb3, 0x57, 0x4d, 0x3e,
    0x5a, 0xa0, 0x10, 0x3f, 0x2a, 0x50, 0x4c, 0x3e, 0x3d, 0x57, 0x0f, 0x3f,
    0x8e, 0xa0, 0x43, 0x3e, 0x56, 0xe9, 0x0d, 0x3f, 0x09, 0x18, 0x3e, 0x3e,
    0xef, 0x2f, 0x0c, 0x3f, 0x0c, 0xce, 0x31, 0x3e, 0x8e, 0x57, 0x0a, 0x3f,
    0x2e, 0xbc, 0x33, 0x3e, 0x8f, 0x73, 0x08, 0x3f, 0xdf, 0x30, 0x32, 0x3e,
    0x54, 0x6a, 0x07, 0x3f, 0xcb, 0x70, 0x29, 0x3e, 0x10, 0x00, 0x00, 0x00,
    0x2b, 0x25, 0xf7, 0x3e, 0x50, 0xe6, 0x1a, 0xbe, 0xc5, 0xdd, 0x00, 0x3f,
    0x41, 0x07, 0x1b, 0xbe, 0xdb, 0x29, 0x04, 0x3f, 0x69, 0x47, 0xfc, 0xbd,
    0x18, 0xd8, 0x04, 0x3f, 0x64, 0xa2, 0xd8, 0xbd, 0xeb, 0x0b, 0x06, 0x3f,
    0x7c, 0x6c, 0xbb, 0xbd, 0x08, 0x47, 0x08, 0x3f, 0xa8, 0xa7, 0xad, 0xbd,
    0x0d, 0x0c, 0x0a, 0x3f, 0x58, 0xf6, 0x83, 0xbd, 0x02, 0x5c, 0x0d, 0x3f,
    0x0a, 0x6b, 0x82, 0xbd, 0xbf, 0xbe, 0x0d, 0x3f, 0xa6, 0x66, 0x5b, 0xbd,
    0xb9, 0x66, 0x0f, 0x3f, 0x2f, 0xf9, 0x3a, 0xbd, 0x63, 0x26, 0x10, 0x3f,
    0x21, 0x1a, 0xbb, 0xbc, 0xa9, 0xe3, 0x11, 0x3f, 0xe5, 0xd9, 0xa0, 0xbc,
    0xa9, 0xd5, 0x12, 0x3f, 0x0d, 0x6d, 0xc6, 0xbc, 0xb6, 0x8d, 0x17, 0x3f,
    0xe7, 0xd6, 0xf7, 0xbc, 0xbb, 0x44, 0x1a, 0x3f, 0x7d, 0x4b, 0x00, 0xbd,
    0x77, 0x22, 0x1d, 0x3f, 0x7e, 0x0f, 0x1b, 0xbd, 0x0e, 0x00, 0x00, 0x00,
    0x54, 0x6a, 0x07, 0x3f, 0xcb, 0x70, 0x29, 0x3e, 0xbf, 0x77, 0x03, 0x3f,
    0x33, 0x3b, 0x2f, 0x3e, 0x4a, 0x65, 0x01, 0x3f, 0x44, 0x32, 0x30, 0x3e,
    0x4b, 0x80, 0xfb, 0x3e, 0x2e, 0x0b, 0x2d, 0x3e, 0xdd, 0x6a, 0xf7, 0x3e,
    0x13, 0x65, 0x2e, 0x3e, 0x38, 0x88, 0xf2, 0x3e, 0x1d, 0x14, 0x2c, 0x3e,
    0xb8, 0xeb, 0xec, 0x3e, 0x6b, 0x9f, 0x2d, 0x3e, 0x59, 0x2f, 0xe9, 0x3e,
    0x98, 0x8b, 0x26, 0x3e, 0x88, 0xaa, 0xe2, 0x3e, 0xdd, 0x18, 0x31, 0x3e,
    0xed, 0xd6, 0xde, 0x3e, 0x0c, 0xce, 0x31, 0x3e, 0x2d, 0xd9, 0xd9, 0x3e,
    0xb1, 0x2c, 0x38, 0x3e, 0x39, 0x7f, 0xdb, 0x3e, 0xf1, 0x89, 0x40, 0x3e,
    0x6f, 0x56, 0xd7, 0x3e, 0x20, 0xa1, 0x4e, 0x3e, 0xce, 0xbd, 0xd1, 0x3e,
    0x9b, 0x7a, 0x56, 0x3e, 0x03, 0x00, 0x00, 0x00, 0x7c, 0x25, 0x12, 0x3f,
    0xc4, 0x9a, 0x1f, 0x3f, 0x77, 0x60, 0x10, 0x3f, 0x2a, 0x93, 0x24, 0x3f,
    0x22, 0x24, 0x15, 0x3f, 0x3e, 0x53, 0x2d, 0x3f, 0x02, 0x00, 0x00, 0x00,
    0x22, 0x24, 0x15, 0x3f, 0x3e, 0x53, 0x2d, 0x3f, 0x3a, 0xb2, 0x0f, 0x3f,
    0x6f, 0x20, 0x2f, 0x3f, 0x0a, 0x00, 0x00, 0x00, 0x3a, 0xb2, 0x0f, 0x3f,
    0x6f, 0x20, 0x2f, 0x3f, 0xed, 0x05, 0x0f, 0x3f, 0x31, 0x46, 0x2e, 0x3f,
    0xe0, 0xc8, 0x0c, 0x3f, 0xb3, 0x54, 0x25, 0x3f, 0xb6, 0x50, 0x08, 0x3f,
    0x54, 0xc9, 0x29, 0x3f, 0x2d, 0x8d, 0x07, 0x3f, 0x7e, 0x4e, 0x28, 0x3f,
    0xca, 0x0f, 0x06, 0x3f, 0x12, 0x91, 0x27, 0x3f, 0x0a, 0x71, 0x05, 0x3f,
    0x1a, 0x28, 0x24, 0x3f, 0xad, 0xd4, 0x03, 0x3f, 0x54, 0x18, 0x23, 0x3f,
    0x53, 0x74, 0x02, 0x3f, 0x31, 0x2a, 0x21, 0x3f, 0x4f, 0x2a, 0x03, 0x3f,
    0xad, 0x2d, 0x1c, 0x3f, 0x02, 0x00, 0x00, 0x00, 0x4a, 0xd6, 0xe8, 0x3e,
    0xa1, 0x88, 0x7a, 0x3f, 0x28, 0xc8, 0xe5, 0x3e, 0xc1, 0x5e, 0x7b, 0x3f,
    0x08, 0x00, 0x00, 0x00, 0xd2, 0xbb, 0xde, 0x3e, 0x3b, 0xfb, 0x7b, 0x3f,
    0x34, 0xb0, 0xde, 0x3e, 0x81, 0xb2, 0x79, 0x3f, 0x5f, 0xe1, 0xd8, 0x3e,
    0xcc, 0x53, 0x79, 0x3f, 0xdf, 0xa3, 0xd7, 0x3e, 0xb0, 0x21, 0x7a, 0x3f,
    0xda, 0xde, 0xd5, 0x3e, 0xd8, 0x1a, 0x78, 0x3f, 0xb5, 0x39, 0xd2, 0x3e,
    0xba, 0x16, 0x78, 0x3f, 0x14, 0x85, 0xce, 0x3e, 0x2f, 0xc9, 0x76, 0x3f,
    0x8d, 0xeb, 0xca, 0x3e, 0x5c, 0xac, 0x76, 0x3f, 0x05, 0x00, 0x00, 0x00,
    0x8d, 0xeb, 0xca, 0x3e, 0x5c, 0xac, 0x76, 0x3f, 0x8e, 0x07, 0xc9, 0x3e,
    0xc4, 0xc5, 0x75, 0x3f, 0x67, 0x89, 0xcd, 0x3e, 0x69, 0x57, 0x68, 0x3f,
    0xb5, 0x98, 0xd6, 0x3e, 0xed, 0xa2, 0x66, 0x3f, 0x4b, 0xa7, 0xd8, 0x3e,
    0xa1, 0x75, 0x66, 0x3f, 0x03, 0x00, 0x00, 0x00, 0x5b, 0x12, 0xdc, 0x3e,
    0x63, 0x9b, 0x65, 0x3f, 0xbc, 0x6f, 0xdb, 0x3e, 0x51, 0x5e, 0x64, 0x3f,
    0xc1, 0x34, 0xdd, 0x3e, 0x6c, 0x04, 0x63, 0x3f, 0x04, 0x00, 0x00, 0x00,
    0x6f, 0x25, 0xff, 0x3e, 0x18, 0x52, 0x58, 0x3f, 0x7c, 0xe7, 0xfe, 0x3e,
    0x01, 0x2b, 0x55, 0x3f, 0xb0, 0x95, 0x01, 0x3f, 0xe1, 0x0e, 0x54, 0x3f,
    0x0a, 0x04, 0x02, 0x3f, 0xab, 0x11, 0x50, 0x3f, 0x03, 0x00, 0x00, 0x00,
    0x0a, 0x04, 0x02, 0x3f, 0xab, 0x11, 0x50, 0x3f, 0xbd, 0x4d, 0x06, 0x3f,
    0xb2, 0x59, 0x53, 0x3f, 0xe0, 0xee, 0x05, 0x3f, 0xb9, 0x5b, 0x56, 0x3f,
    0x06, 0x00, 0x00, 0x00, 0x22, 0x24, 0x15, 0x3f, 0x3e, 0x53, 0x2d, 0x3f,
    0xd3, 0xc8, 0x19, 0x3f, 0xae, 0x37, 0x37, 0x3f, 0x0d, 0x31, 0x1f, 0x3f,
    0x0d, 0xe8, 0x38, 0x3f, 0x76, 0x73, 0x22, 0x3f, 0xfd, 0x7c, 0x38, 0x3f,
    0x1d, 0x8e, 0x23, 0x3f, 0xe4, 0xee, 0x3a, 0x3f, 0x7d, 0x58, 0x26, 0x3f,
    0x9e, 0x37, 0x3d, 0x3f, 0x05, 0x00, 0x00, 0x00, 0x7d, 0x58, 0x26, 0x3f,
    0x9e, 0x37, 0x3d, 0x3f, 0x9a, 0x0a, 0x27, 0x3f, 0xa2, 0x21, 0x3f, 0x3f,
    0x88, 0x75, 0x26, 0x3f, 0xcc, 0x57, 0x44, 0x3f, 0x22, 0x53, 0x25, 0x3f,
    0x39, 0xe7, 0x45, 0x3f, 0xbb, 0x14, 0x26, 0x3f, 0xe4, 0x0a, 0x48, 0x3f,
    0x0d, 0x00, 0x00, 0x00, 0xbb, 0x14, 0x26, 0x3f, 0xe4, 0x0a, 0x48, 0x3f,
    0xdd, 0xbf, 0x20, 0x3f, 0x17, 0xf0, 0x4a, 0x3f, 0x32, 0x69, 0x1f, 0x3f,
    0x87, 0xdd, 0x4d, 0x3f, 0x48, 0xcd, 0x1c, 0x3f, 0x01, 0x34, 0x4e, 0x3f,
    0x58, 0x42, 0x1b, 0x3f, 0xa1, 0xf7, 0x4b, 0x3f, 0xdb, 0xc5, 0x17, 0x3f,
    0xf9, 0xeb, 0x4a, 0x3f, 0xd5, 0x85, 0x13, 0x3f, 0xb5, 0x06, 0x4e, 0x3f,
    0x93, 0x12, 0x11, 0x3f, 0xc1, 0x7e, 0x53, 0x3f, 0x52, 0xad, 0x0d, 0x3f,
    0x99, 0xcb, 0x55, 0x3f, 0xb9, 0x70, 0x0a, 0x3f, 0x2e, 0x0e, 0x55, 0x3f,
    0xb9, 0x70, 0x0a, 0x3f, 0xaa, 0x7c, 0x56, 0x3f, 0xd3, 0x10, 0x08, 0x3f,
    0x04, 0x89, 0x56, 0x3f, 0xbc, 0xb6, 0x05, 0x3f, 0x0a, 0xff, 0x58, 0x3f,
    0x05, 0x00, 0x00, 0x00, 0x0a, 0x04, 0x02, 0x3f, 0xab, 0x11, 0x50, 0x3f,
    0x08, 0x5f, 0x02, 0x3f, 0xe3, 0xc4, 0x47, 0x3f, 0xfa, 0x5a, 0x0b, 0x3f,
    0x8a, 0x28, 0x3b, 0x3f, 0x79, 0x7c, 0x0e, 0x3f, 0xe5, 0x83, 0x34, 0x3f,
    0x3a, 0xb2, 0x0f, 0x3f, 0x6f, 0x20, 0x2f, 0x3f, 0x03, 0x00, 0x00, 0x00,
    0xcd, 0xc9, 0x94, 0x3e, 0xb1, 0x4b, 0x6d, 0x3f, 0xec, 0x08, 0x9b, 0x3e,
    0xf9, 0xd4, 0x6b, 0x3f, 0x16, 0xc8, 0xa9, 0x3e, 0x69, 0x57, 0x68, 0x3f,
    0x04, 0x00, 0x00, 0x00, 0x16, 0xc8, 0xa9, 0x3e, 0x69, 0x57, 0x68, 0x3f,
    0x6a, 0xb8, 0xb2, 0x3e, 0x87, 0xbd, 0x75, 0x3f, 0x12, 0x99, 0xc4, 0x3e,
    0x52, 0xb7, 0x78, 0x3f, 0x8d, 0xeb, 0xca, 0x3e, 0x5c, 0xac, 0x76, 0x3f,
    0x05, 0x00, 0x00, 0x00, 0xe1, 0xce, 0x59, 0x3e, 0x3c, 0x2d, 0xe5, 0x3f,
    0x4c, 0x60, 0x6f, 0x3e, 0x59, 0xa5, 0xe4, 0x3f, 0x4f, 0x42, 0x7e, 0x3e,
    0xd5, 0x13, 0xe6, 0x3f, 0xd0, 0xd2, 0x80, 0x3e, 0xfa, 0xf6, 0xe8, 0x3f,
    0x23, 0x1b, 0x7f, 0x3e, 0x59, 0x10, 0xeb, 0x3f, 0x04, 0x00, 0x00, 0x00,
    0x23, 0x1b, 0x7f, 0x3e, 0x59, 0x10, 0xeb, 0x3f, 0x8c, 0x16, 0x78, 0x3e,
    0xd5, 0xe7, 0xec, 0x3f, 0x29, 0x33, 0x82, 0x3e, 0x41, 0xeb, 0xed, 0x3f,
    0xe4, 0xd5, 0x7d, 0x3e, 0xbe, 0xe5, 0xef, 0x3f, 0x07, 0x00, 0x00, 0x00,
    0xe4, 0xd5, 0x7d, 0x3e, 0xbe, 0xe5, 0xef, 0x3f, 0xc9, 0xea, 0x71, 0x3e,
    0x83, 0x69, 0xf0, 0x3f, 0x17, 0x80, 0x5c, 0x3e, 0x82, 0x23, 0xf0, 0x3f,
    0x9b, 0xbc, 0x4e, 0x3e, 0x01, 0x62, 0xec, 0x3f, 0x48, 0xe8, 0x43, 0x3e,
    0x31, 0x5d, 0xed, 0x3f, 0x4b, 0x9b, 0x42, 0x3e, 0xfe, 0x03, 0xeb, 0x3f,
    0x3d, 0x68, 0x3b, 0x3e, 0xdc, 0x15, 0xe9, 0x3f, 0x06, 0x00, 0x00, 0x00,
    0x98, 0x6a, 0xde, 0x3d, 0xfe, 0x2f, 0xe4, 0x3f, 0x0c, 0xb7, 0xcf, 0x3d,
    0xa2, 0x74, 0xe3, 0x3f, 0x69, 0x6b, 0xcb, 0x3d, 0xdb, 0xfb, 0xe1, 0x3f,
    0xb7, 0xcf, 0xdd, 0x3d, 0x8f, 0xce, 0xe1, 0x3f, 0x94, 0x6b, 0xed, 0x3d,
    0x30, 0xfb, 0xdf, 0x3f, 0x5b, 0x11, 0xe7, 0x3d, 0x5d, 0x98, 0xdf, 0x3f,
    0x12, 0x00, 0x00, 0x00, 0xfa, 0x83, 0x31, 0x3e, 0x46, 0x2b, 0xdc, 0x3f,
    0x89, 0xe0, 0x43, 0x3e, 0x39, 0x41, 0xdd, 0x3f, 0x70, 0x8b, 0x54, 0x3e,
    0x2d, 0x7a, 0xde, 0x3f, 0x69, 0xd9, 0x64, 0x3e, 0xd1, 0x9b, 0xdd, 0x3f,
    0x3f, 0x23, 0x6d, 0x3e, 0x0d, 0xa4, 0xdd, 0x3f, 0xbe, 0x1e, 0x77, 0x3e,
    0x2b, 0x62, 0xdd, 0x3f, 0x31, 0xab, 0x82, 0x3e, 0x45, 0xe5, 0xdb, 0x3f,
    0x4b, 0x25, 0x87, 0x3e, 0x62, 0x5d, 0xdb, 0x3f, 0x56, 0xcb, 0x88, 0x3e,
    0x0a, 0x23, 0xdc, 0x3f, 0x86, 0x91, 0x90, 0x3e, 0xfc, 0xf2, 0xdc, 0x3f,
    0x97, 0x77, 0x96, 0x3e, 0x55, 0x0a, 0xdc, 0x3f, 0x68, 0xfc, 0x9c, 0x3e,
    0xe8, 0x9d, 0xda, 0x3f, 0xf4, 0xd5, 0xa4, 0x3e, 0x04, 0x8a, 0xd9, 0x3f,
    0x41, 0x74, 0xa6, 0x3e, 0xe8, 0x7a, 0xda, 0x3f, 0x70, 0x1e, 0xb0, 0x3e,
    0x63, 0x80, 0xdb, 0x3f, 0x1b, 0x83, 0xb0, 0x3e, 0xee, 0x13, 0xdd, 0x3f,
    0x54, 0x62, 0xb4, 0x3e, 0x78, 0x61, 0xde, 0x3f, 0xca, 0x74, 0xb6, 0x3e,
    0xd5, 0xa8, 0xdf, 0x3f, 0x10, 0x00, 0x00, 0x00, 0xca, 0x74, 0xb6, 0x3e,
    0xd5, 0xa8, 0xdf, 0x3f, 0x17, 0xb4, 0xb3, 0x3e, 0xe7, 0x9f, 0xe0, 0x3f,
    0x8b, 0x55, 0xae, 0x3e, 0xd8, 0xc0, 0xe0, 0x3f, 0x00, 0xed, 0xad, 0x3e,
    0xea, 0x43, 0xe2, 0x3f, 0xc5, 0x80, 0xa4, 0x3e, 0xe9, 0xb7, 0xe1, 0x3f,
    0xa1, 0x7c, 0x9c, 0x3e, 0x44, 0xc4, 0xe1, 0x3f, 0x6f, 0xd3, 0xa1, 0x3e,
    0x85, 0x1f, 0xe4, 0x3f, 0xc0, 0x40, 0xa0, 0x3e, 0x69, 0xca, 0xe4, 0x3f,
    0x92, 0x82, 0xa0, 0x3e, 0x02, 0x1a, 0xe6, 0x3f, 0x53, 0x9c, 0xa3, 0x3e,
    0x4e, 0x8d, 0xe6, 0x3f, 0x72, 0x01, 0xa3, 0x3e, 0xad, 0x3d, 0xe8, 0x3f,
    0xe7, 0xbe, 0x9b, 0x3e, 0x1a, 0xf0, 0xe9, 0x3f, 0x8d, 0xed, 0x92, 0x3e,
    0x29, 0x15, 0xea, 0x3f, 0x7e, 0x23, 0x8b, 0x3e, 0x5b, 0xe2, 0xeb, 0x3f,
    0x83, 0x93, 0x83, 0x3e, 0xa6, 0xc9, 0xeb, 0x3f, 0x23, 0x1b, 0x7f, 0x3e,
    0x59, 0x10, 0xeb, 0x3f, 0x03, 0x00, 0x00, 0x00, 0xca, 0x74, 0xb6, 0x3e,
    0xd5, 0xa8, 0xdf, 0x3f, 0xe0, 0xc0, 0xb9, 0x3e, 0x4f, 0x22, 0xe0, 0x3f,
    0xb5, 0x8f, 0xbf, 0x3e, 0x44, 0x0a, 0xe2, 0x3f, 0x05, 0x00, 0x00, 0x00,
    0xb5, 0x8f, 0xbf, 0x3e, 0x44, 0x0a, 0xe2, 0x3f, 0x82, 0x75, 0xbd, 0x3e,
    0xbd, 0x3d, 0xe2, 0x3f, 0x8e, 0x37, 0xbd, 0x3e, 0x75, 0x6e, 0xe3, 0x3f,
    0x00, 0x71, 0xc7, 0x3e, 0xfb, 0x17, 0xe3, 0x3f, 0xfd, 0xbd, 0xc8, 0x3e,
    0x76, 0x40, 0xe4, 0x3f, 0x0d, 0x00, 0x00, 0x00, 0xfd, 0xbd, 0xc8, 0x3e,
    0x76, 0x40, 0xe4, 0x3f, 0xa8, 0xb1, 0xc1, 0x3e, 0x01, 0x8e, 0xe5, 0x3f,
    0x69, 0x92, 0xb9, 0x3e, 0x5e, 0x8f, 0xe6, 0x3f, 0x0d, 0x7f, 0xb9, 0x3e,
    0x82, 0x4f, 0xe9, 0x3f, 0xfe, 0xb4, 0xb1, 0x3e, 0xde, 0x2d, 0xea, 0x3f,
    0xd7, 0x5c, 0xaf, 0x3e, 0x62, 0xbf, 0xe8, 0x3f, 0xfb, 0x27, 0xac, 0x3e,
    0xac, 0x1a, 0xe8, 0x3f, 0x2e, 0xd1, 0xa6, 0x3e, 0x49, 0xc8, 0xea, 0x3f,
    0xae, 0x3e, 0x9c, 0x3e, 0xe4, 0xa3, 0xec, 0x3f, 0x42, 0x61, 0x94, 0x3e,
    0x32, 0x0c, 0xee, 0x3f, 0xe2, 0x29, 0x8e, 0x3e, 0x90, 0xbc, 0xef, 0x3f,
    0x67, 0xd7, 0x87, 0x3e, 0xb0, 0x4c, 0xf0, 0x3f, 0xe4, 0xd5, 0x7d, 0x3e,
    0xbe, 0xe5, 0xef, 0x3f, 0x04, 0x00, 0x00, 0x00, 0xb6, 0xb5, 0xb8, 0x3e,
    0x18, 0x5a, 0xce, 0x3f, 0xc3, 0xe8, 0xbf, 0x3e, 0x08, 0x35, 0xce, 0x3f,
    0x49, 0x8c, 0xbe, 0x3e, 0xbf, 0xfc, 0xce, 0x3f, 0x00, 0xf6, 0xc4, 0x3e,
    0x19, 0x09, 0xcf, 0x3f, 0x0f, 0x00, 0x00, 0x00, 0x00, 0xf6, 0xc4, 0x3e,
    0x19, 0x09, 0xcf, 0x3f, 0x13, 0x14, 0xc7, 0x3e, 0x2b, 0x23, 0xd0, 0x3f,
    0xef, 0xdf, 0xca, 0x3e, 0x66, 0xe5, 0xcf, 0x3f, 0x33, 0xea, 0xcd, 0x3e,
    0x1c, 0x67, 0xd0, 0x3f, 0xd7, 0x2b, 0xd7, 0x3e, 0xc2, 0x7d, 0xd0, 0x3f,
    0x20, 0x21, 0xd5, 0x3e, 0x8a, 0x3c, 0xd2, 0x3f, 0xc5, 0x7e, 0xdc, 0x3e,
    0xd7, 0x3b, 0xd3, 0x3f, 0xe5, 0xd9, 0xe0, 0x3e, 0xaa, 0x58, 0xd3, 0x3f,
    0x63, 0x5a, 0xe8, 0x3e, 0xad, 0x93, 0xd4, 0x3f, 0x1c, 0x77, 0xed, 0x3e,
    0x35, 0x83, 0xd4, 0x3f, 0xdf, 0xa2, 0xf3, 0x3e, 0x59, 0x66, 0xd7, 0x3f,
    0x92, 0x04, 0xf2, 0x3e, 0x12, 0x00, 0xd9, 0x3f, 0xf7, 0x85, 0xf7, 0x3e,
    0xb7, 0xd0, 0xd8, 0x3f, 0x23, 0x28, 0xf9, 0x3e, 0x6d, 0x98, 0xd9, 0x3f,
    0x75, 0x8b, 0xfc, 0x3e, 0x40, 0x6f, 0xd9, 0x3f, 0x10, 0x00, 0x00, 0x00,
    0x75, 0x8b, 0xfc, 0x3e, 0x40, 0x6f, 0xd9, 0x3f, 0xd3, 0x35, 0xfd, 0x3e,
    0xca, 0xbc, 0xda, 0x3f, 0x61, 0xf2, 0xf7, 0x3e, 0x44, 0x7c, 0xdb, 0x3f,
    0x6f, 0xd0, 0xf5, 0x3e, 0x65, 0x75, 0xdc, 0x3f, 0x4f, 0xfa, 0xee, 0x3e,
    0xdd, 0x85, 0xdc, 0x3f, 0xa9, 0x9c, 0xe7, 0x3e, 0x37, 0x6f, 0xdc, 0x3f,
    0xc9, 0x27, 0xe0, 0x3e, 0xba, 0x51, 0xda, 0x3f, 0x8a, 0x8d, 0xd5, 0x3e,
    0xc9, 0x0d, 0xda, 0x3f, 0xfe, 0x08, 0xd7, 0x3e, 0x0a, 0x69, 0xdc, 0x3f,
    0xa5, 0xce, 0xce, 0x3e, 0xed, 0xf0, 0xdc, 0x3f, 0x5f, 0x11, 0xcd, 0x3e,
    0x4b, 0x5b, 0xde, 0x3f, 0x1c, 0xa8, 0xc5, 0x3e, 0x86, 0xb4, 0xdd, 0x3f,
    0x89, 0x4c, 0xc2, 0x3e, 0xa8, 0x5c, 0xdf, 0x3f, 0x7d, 0xa6, 0xc0, 0x3e,
    0xc8, 0x55, 0xe0, 0x3f, 0x78, 0x40, 0xc3, 0x3e, 0xbd, 0xf7, 0xe1, 0x3f,
    0xb5, 0x8f, 0xbf, 0x3e, 0x44, 0x0a, 0xe2, 0x3f, 0x0a, 0x00, 0x00, 0x00,
    0xfd, 0xbd, 0xc8, 0x3e, 0x76, 0x40, 0xe4, 0x3f, 0x6c, 0xef, 0xca, 0x3e,
    0x3d, 0x73, 0xe5, 0x3f, 0xcf, 0xe3, 0xca, 0x3e, 0x41, 0x3a, 0xe7, 0x3f,
    0x1a, 0xeb, 0xcb, 0x3e, 0x37, 0x68, 0xe9, 0x3f, 0xc5, 0xae, 0xd0, 0x3e,
    0x1d, 0x4e, 0xeb, 0x3f, 0x31, 0x53, 0xcd, 0x3e, 0x01, 0x62, 0xec, 0x3f,
    0x05, 0xb1, 0xcb, 0x3e, 0xf7, 0x6c, 0xee, 0x3f, 0x8e, 0x8c, 0xc6, 0x3e,
    0x5f, 0x12, 0xee, 0x3f, 0x49, 0xeb, 0xc2, 0x3e, 0x26, 0x22, 0xef, 0x3f,
    0x00, 0x97, 0xc0, 0x3e, 0xa3, 0x62, 0xf1, 0x3f, 0x07, 0x00, 0x00, 0x00,
    0x30, 0x86, 0x2c, 0x3f, 0x5f, 0x5e, 0x0f, 0x40, 0x57, 0x71, 0x2b, 0x3f,
    0x32, 0x35, 0x0f, 0x40, 0xd6, 0x25, 0x2b, 0x3f, 0xb8, 0xbb, 0x0e, 0x40,
    0xb2, 0xed, 0x2a, 0x3f, 0xeb, 0xf0, 0x0d, 0x40, 0xb9, 0xea, 0x28, 0x3f,
    0xbd, 0x81, 0x0d, 0x40, 0x61, 0x13, 0x29, 0x3f, 0x16, 0x02, 0x0d, 0x40,
    0xd6, 0xaa, 0x28, 0x3f, 0x96, 0xf0, 0x0c, 0x40, 0x0a, 0x00, 0x00, 0x00,
    0x71, 0x66, 0x32, 0x3f, 0xf3, 0xcd, 0x0a, 0x40, 0x2e, 0x44, 0x35, 0x3f,
    0xa2, 0xb7, 0x0b, 0x40, 0xd2, 0xab, 0x37, 0x3f, 0xa5, 0xf2, 0x0c, 0x40,
    0xff, 0xd6, 0x3a, 0x3f, 0x45, 0xb7, 0x0d, 0x40, 0xd7, 0x70, 0x39, 0x3f,
    0x21, 0x3e, 0x0e, 0x40, 0x40, 0x46, 0x39, 0x3f, 0x39, 0x36, 0x0f, 0x40,
    0x46, 0xa2, 0x3b, 0x3f, 0xee, 0x08, 0x0f, 0x40, 0x04, 0x8e, 0x3d, 0x3f,
    0x90, 0xc2, 0x10, 0x40, 0xd3, 0x0e, 0x40, 0x3f, 0xd4, 0x34, 0x11, 0x40,
    0x1a, 0x6d, 0x3d, 0x3f, 0x1a, 0xed, 0x11, 0x40, 0x2e, 0x00, 0x00, 0x00,
    0xb0, 0xe7, 0x5e, 0x3f, 0xe7, 0x54, 0x02, 0x40, 0x3e, 0x88, 0x5b, 0x3f,
    0xee, 0xc9, 0x01, 0x40, 0x03, 0x12, 0x57, 0x3f, 0x21, 0xff, 0x00, 0x40,
    0x71, 0x3f, 0x55, 0x3f, 0x3f, 0x49, 0x01, 0x40, 0xb4, 0xce, 0x55, 0x3f,
    0xdf, 0xea, 0x01, 0x40, 0x98, 0x1c, 0x55, 0x3f, 0xf1, 0x04, 0x03, 0x40,
    0x93, 0xc4, 0x56, 0x3f, 0x3e, 0xe1, 0x03, 0x40, 0xac, 0x56, 0x55, 0x3f,
    0xcf, 0xc6, 0x04, 0x40, 0x1d, 0x37, 0x52, 0x3f, 0x33, 0xc9, 0x05, 0x40,
    0x8f, 0xa0, 0x50, 0x3f, 0x51, 0xaa, 0x05, 0x40, 0x55, 0x20, 0x51, 0x3f,
    0xde, 0xc8, 0x04, 0x40, 0x53, 0x89, 0x50, 0x3f, 0xf8, 0x28, 0x03, 0x40,
    0x15, 0x44, 0x4f, 0x3f, 0x3a, 0x60, 0x02, 0x40, 0x1d, 0x4f, 0x4c, 0x3f,
    0x39, 0x8e, 0x01, 0x40, 0xc6, 0x93, 0x4a, 0x3f, 0x87, 0xb5, 0xff, 0x3f,
    0xd0, 0x35, 0x48, 0x3f, 0x37, 0x7b, 0xfd, 0x3f, 0x21, 0x1e, 0x49, 0x3f,
    0x5f, 0x2e, 0xfb, 0x3f, 0xbc, 0x84, 0x49, 0x3f, 0x2f, 0xed, 0xf9, 0x3f,
    0x21, 0xa3, 0x46, 0x3f, 0x96, 0xc0, 0xf8, 0x3f, 0xa9, 0xeb, 0x44, 0x3f,
    0xd4, 0x77, 0xf9, 0x3f, 0x25, 0x72, 0x43, 0x3f, 0x7a, 0xd4, 0xf9, 0x3f,
    0xe2, 0xf0, 0x41, 0x3f, 0x0d, 0x45, 0xf8, 0x3f, 0x1d, 0x8d, 0x3f, 0x3f,
    0x46, 0xa9, 0xf6, 0x3f, 0x6e, 0xfa, 0x3d, 0x3f, 0x31, 0x0e, 0xf4, 0x3f,
    0xd6, 0xcf, 0x3d, 0x3f, 0xa2, 0xb3, 0xf0, 0x3f, 0xf6, 0x42, 0x3c, 0x3f,
    0x3f, 0x19, 0xed, 0x3f, 0x52, 0xdb, 0x39, 0x3f, 0x2a, 0x7e, 0xea, 0x3f,
    0x8a, 0x3f, 0x3b, 0x3f, 0xec, 0x80, 0xe9, 0x3f, 0x9b, 0x3d, 0x3b, 0x3f,
    0x22, 0xcd, 0xe6, 0x3f, 0x9f, 0xf4, 0x3d, 0x3f, 0xed, 0x7e, 0xe3, 0x3f,
    0xfd, 0x9e, 0x3e, 0x3f, 0xca, 0x4a, 0xe1, 0x3f, 0x3d, 0x00, 0x3e, 0x3f,
    0x0f, 0x53, 0xde, 0x3f, 0xb9, 0x01, 0x3f, 0x3f, 0x40, 0xb5, 0xd9, 0x3f,
    0x9e, 0xe6, 0x3e, 0x3f, 0x3b, 0x3f, 0xd7, 0x3f, 0x26, 0x8e, 0x41, 0x3f,
    0xa1, 0xef, 0xd5, 0x3f, 0x52, 0xab, 0x45, 0x3f, 0x26, 0xea, 0xd4, 0x3f,
    0x19, 0x2b, 0x46, 0x3f, 0x14, 0x8a, 0xd3, 0x3f, 0x8a, 0xf3, 0x48, 0x3f,
    0x4a, 0xd6, 0xd0, 0x3f, 0x39, 0x94, 0x49, 0x3f, 0x44, 0xd4, 0xcd, 0x3f,
    0xc2, 0x57, 0x4a, 0x3f, 0xd4, 0x2c, 0xcb, 0x3f, 0x5e, 0x47, 0x4c, 0x3f,
    0xf0, 0x5e, 0xca, 0x3f, 0x32, 0x7f, 0x51, 0x3f, 0x3e, 0x3b, 0xcb, 0x3f,
    0xb9, 0x18, 0x55, 0x3f, 0xef, 0xaf, 0xc9, 0x3f, 0x83, 0xc6, 0x56, 0x3f,
    0x9c, 0x80, 0xc6, 0x3f, 0x79, 0x24, 0x59, 0x3f, 0xe3, 0xa0, 0xc4, 0x3f,
    0x08, 0x44, 0x5c, 0x3f, 0x97, 0x0a, 0xc4, 0x3f, 0x16, 0x00, 0x00, 0x00,
    0x00, 0xf6, 0xc4, 0x3e, 0x19, 0x09, 0xcf, 0x3f, 0x07, 0x22, 0xd3, 0x3e,
    0x71, 0xda, 0xcd, 0x3f, 0x48, 0x1a, 0xd3, 0x3e, 0xf7, 0x3d, 0xcd, 0x3f,
    0x8e, 0x66, 0xcd, 0x3e, 0x41, 0xdf, 0xcc, 0x3f, 0x60, 0x07, 0xd2, 0x3e,
    0x4e, 0xa6, 0xcb, 0x3f, 0x5a, 0x1c, 0xd7, 0x3e, 0x5e, 0x57, 0xcc, 0x3f,
    0x00, 0xa0, 0xd7, 0x3e, 0xac, 0x56, 0xcd, 0x3f, 0xfb, 0x2f, 0xdf, 0x3e,
    0x36, 0x5e, 0xce, 0x3f, 0x0c, 0xb7, 0xe0, 0x3e, 0xc9, 0x14, 0xcd, 0x3f,
    0x12, 0x98, 0xe0, 0x3e, 0xa7, 0x03, 0xcb, 0x3f, 0xb3, 0xd1, 0xe1, 0x3e,
    0x0b, 0xe2, 0xc8, 0x3f, 0x34, 0x05, 0xe8, 0x3e, 0xa1, 0xb0, 0xc8, 0x3f,
    0x5d, 0x79, 0xe8, 0x3e, 0xcc, 0x9e, 0xc7, 0x3f, 0xb7, 0x54, 0xec, 0x3e,
    0xd7, 0xd9, 0xc5, 0x3f, 0x0f, 0x44, 0xe6, 0x3e, 0x12, 0x10, 0xc5, 0x3f,
    0x22, 0x88, 0xe1, 0x3e, 0xd9, 0xab, 0xc6, 0x3f, 0x4d, 0x34, 0xde, 0x3e,
    0xa9, 0x47, 0xc5, 0x3f, 0xd5, 0xf3, 0xda, 0x3e, 0x02, 0xc8, 0xc4, 0x3f,
    0x30, 0x8c, 0xd8, 0x3e, 0x14, 0x28, 0xc6, 0x3f, 0xc5, 0x29, 0xd3, 0x3e,
    0x4f, 0xc7, 0xc5, 0x3f, 0x9f, 0x72, 0xcc, 0x3e, 0xf7, 0x8c, 0xc6, 0x3f,
    0xd9, 0x18, 0xc5, 0x3e, 0x7f, 0xe5, 0xc6, 0x3f, 0x15, 0x00, 0x00, 0x00,
    0x29, 0xb5, 0xd3, 0x3e, 0x52, 0x4e, 0x98, 0x3f, 0x96, 0xae, 0xd9, 0x3e,
    0x37, 0xcb, 0x99, 0x3f, 0xd7, 0xa6, 0xd9, 0x3e, 0x42, 0xb7, 0x9e, 0x3f,
    0xed, 0x51, 0xe1, 0x3e, 0xf6, 0x43, 0x9e, 0x3f, 0x84, 0xdb, 0xe5, 0x3e,
    0xc6, 0x02, 0x9d, 0x3f, 0x42, 0xbd, 0xec, 0x3e, 0xf2, 0xc2, 0x9c, 0x3f,
    0x54, 0xbf, 0xf0, 0x3e, 0x3a, 0x4c, 0x9b, 0x3f, 0x12, 0x1c, 0xfa, 0x3e,
    0x40, 0xc2, 0x9d, 0x3f, 0xd5, 0x6d, 0xf9, 0x3e, 0x46, 0x5b, 0xa0, 0x3f,
    0x39, 0x67, 0x01, 0x3f, 0x5a, 0xb0, 0xa2, 0x3f, 0xe0, 0xee, 0x05, 0x3f,
    0x9a, 0x16, 0xa4, 0x3f, 0xea, 0x6a, 0x0a, 0x3f, 0x80, 0x42, 0xa6, 0x3f,
    0xf6, 0x99, 0x0d, 0x3f, 0x44, 0x3a, 0xa6, 0x3f, 0x11, 0x30, 0x10, 0x3f,
    0x2a, 0x20, 0xa8, 0x3f, 0x5f, 0x65, 0x12, 0x3f, 0xf9, 0x52, 0xa6, 0x3f,
    0xc4, 0x6b, 0x15, 0x3f, 0x52, 0x8d, 0xa5, 0x3f, 0xab, 0x54, 0x19, 0x3f,
    0x7d, 0xc1, 0xa4, 0x3f, 0x58, 0x42, 0x1b, 0x3f, 0x8f, 0xdb, 0xa5, 0x3f,
    0x90, 0x2b, 0x1a, 0x3f, 0x5a, 0x3e, 0xa9, 0x3f, 0xed, 0xd5, 0x1a, 0x3f,
    0x9c, 0xbc, 0xab, 0x3f, 0x2c, 0x96, 0x1e, 0x3f, 0x65, 0xe4, 0xad, 0x3f,
    0x09, 0x00, 0x00, 0x00, 0x2c, 0x96, 0x1e, 0x3f, 0x65, 0xe4, 0xad, 0x3f,
    0x7a, 0x5a, 0x19, 0x3f, 0xf2, 0x49, 0xb0, 0x3f, 0x55, 0xb5, 0x15, 0x3f,
    0x4b, 0x10, 0xb0, 0x3f, 0xbb, 0x6a, 0x13, 0x3f, 0xd5, 0xf4, 0xb0, 0x3f,
    0x00, 0x24, 0x11, 0x3f, 0x4d, 0xe2, 0xb0, 0x3f, 0xf1, 0xbc, 0x11, 0x3f,
    0x86, 0x46, 0xaf, 0x3f, 0x9e, 0xd0, 0x0c, 0x3f, 0x1e, 0xe7, 0xaf, 0x3f,
    0x90, 0xfc, 0x09, 0x3f, 0x32, 0x19, 0xb2, 0x3f, 0x01, 0xdd, 0x06, 0x3f,
    0xee, 0x33, 0xb5, 0x3f, 0x0e, 0x00, 0x00, 0x00, 0x01, 0xdd, 0x06, 0x3f,
    0xee, 0x33, 0xb5, 0x3f, 0x29, 0xd6, 0x04, 0x3f, 0x90, 0xc9, 0xb3, 0x3f,
    0x90, 0xa7, 0x00, 0x3f, 0x34, 0xeb, 0xb2, 0x3f, 0xce, 0xeb, 0xfd, 0x3e,
    0x0b, 0x15, 0xb5, 0x3f, 0xcf, 0x8c, 0xf9, 0x3e, 0x7a, 0x30, 0xb7, 0x3f,
    0x51, 0x87, 0xf4, 0x3e, 0xcc, 0x19, 0xba, 0x3f, 0x0c, 0x61, 0xf3, 0x3e,
    0x3c, 0x2a, 0xbd, 0x3f, 0x96, 0xd3, 0xee, 0x3e, 0xa8, 0x73, 0xbe, 0x3f,
    0xc2, 0xfa, 0xed, 0x3e, 0x52, 0x2e, 0xc0, 0x3f, 0x6d, 0xe4, 0xeb, 0x3e,
    0xfe, 0xdd, 0xc2, 0x3f, 0x26, 0x0b, 0xec, 0x3e, 0x98, 0xb9, 0xc4, 0x3f,
    0x30, 0x95, 0xef, 0x3e, 0x7b, 0xfb, 0xc4, 0x3f, 0x2c, 0x41, 0xf5, 0x3e,
    0x5c, 0xb1, 0xc4, 0x3f, 0x85, 0x1c, 0xf9, 0x3e, 0x99, 0xdc, 0xc4, 0x3f,
    0x03, 0x00, 0x00, 0x00, 0x85, 0x1c, 0xf9, 0x3e, 0x99, 0xdc, 0xc4, 0x3f,
    0xa5, 0xfc, 0xfa, 0x3e, 0x9c, 0x3a, 0xc6, 0x3f, 0x2f, 0xf4, 0xf3, 0x3e,
    0xf7, 0x69, 0xc6, 0x3f, 0x08, 0x00, 0x00, 0x00, 0x2f, 0xf4, 0xf3, 0x3e,
    0xf7, 0x69, 0xc6, 0x3f, 0x6b, 0x27, 0xf2, 0x3e, 0x51, 0x76, 0xc6, 0x3f,
    0x1a, 0xc4, 0xee, 0x3e, 0x28, 0x7d, 0xc8, 0x3f, 0x52, 0x28, 0xf0, 0x3e,
    0x77, 0xe5, 0xc9, 0x3f, 0x50, 0x91, 0xef, 0x3e, 0x3f, 0xc7, 0xcb, 0x3f,
    0x23, 0xd3, 0xef, 0x3e, 0x9d, 0x9a, 0xcd, 0x3f, 0xa9, 0x50, 0xf5, 0x3e,
    0xcb, 0xc3, 0xcd, 0x3f, 0x76, 0x2c, 0xf8, 0x3e, 0x23, 0xdb, 0xcc, 0x3f,
    0x09, 0x00, 0x00, 0x00, 0x76, 0x2c, 0xf8, 0x3e, 0x23, 0xdb, 0xcc, 0x3f,
    0xfc, 0x4a, 0xf9, 0x3e, 0x54, 0xa8, 0xce, 0x3f, 0xc7, 0xee, 0xff, 0x3e,
    0x2c, 0xaf, 0xd0, 0x3f, 0x51, 0xcf, 0x02, 0x3f, 0x14, 0x44, 0xd3, 0x3f,
    0x99, 0xb6, 0x01, 0x3f, 0xcd, 0x23, 0xd5, 0x3f, 0xa9, 0x98, 0x03, 0x3f,
    0x76, 0xbb, 0xd6, 0x3f, 0x27, 0xd2, 0x00, 0x3f, 0x1e, 0xc7, 0xd7, 0x3f,
    0x10, 0xe4, 0xfd, 0x3e, 0x95, 0x05, 0xd7, 0x3f, 0x75, 0x8b, 0xfc, 0x3e,
    0x40, 0x6f, 0xd9, 0x3f, 0x06, 0x00, 0x00, 0x00, 0x2f, 0xf4, 0xf3, 0x3e,
    0xf7, 0x69, 0xc6, 0x3f, 0xf9, 0x97, 0xfa, 0x3e, 0xcd, 0xe4, 0xc7, 0x3f,
    0xc5, 0xdc, 0xfc, 0x3e, 0xa2, 0x19, 0xc9, 0x3f, 0x4f, 0xca, 0xfa, 0x3e,
    0x4c, 0xb1, 0xca, 0x3f, 0x1a, 0x94, 0xfa, 0x3e, 0xf4, 0xdf, 0xcb, 0x3f,
    0x76, 0x2c, 0xf8, 0x3e, 0x23, 0xdb, 0xcc, 0x3f, 0x0a, 0x00, 0x00, 0x00,
    0x01, 0xdd, 0x06, 0x3f, 0xee, 0x33, 0xb5, 0x3f, 0xfa, 0xed, 0x07, 0x3f,
    0xb3, 0x20, 0xb6, 0x3f, 0xa1, 0x8d, 0x06, 0x3f, 0xd6, 0xeb, 0xb7, 0x3f,
    0x46, 0xa4, 0x03, 0x3f, 0x53, 0x2c, 0xba, 0x3f, 0xa7, 0x01, 0x03, 0x3f,
    0x92, 0x6f, 0xbb, 0x3f, 0xd5, 0xdb, 0x00, 0x3f, 0x0c, 0x2f, 0xbc, 0x3f,
    0xa6, 0xf2, 0xff, 0x3e, 0xc5, 0xeb, 0xbd, 0x3f, 0xcf, 0x07, 0xfc, 0x3e,
    0x05, 0xbb, 0xbf, 0x3f, 0x39, 0xf9, 0xf9, 0x3e, 0x84, 0x41, 0xc2, 0x3f,
    0x85, 0x1c, 0xf9, 0x3e, 0x99, 0xdc, 0xc4, 0x3f, 0x09, 0x00, 0x00, 0x00,
    0x4c, 0x18, 0xe0, 0x3e, 0x12, 0x63, 0x89, 0x3f, 0x56, 0x7c, 0xea, 0x3e,
    0x41, 0x3b, 0x8a, 0x3f, 0x48, 0x19, 0xef, 0x3e, 0xd0, 0x72, 0x8d, 0x3f,
    0x75, 0x36, 0xf3, 0x3e, 0x75, 0x43, 0x8d, 0x3f, 0x2a, 0xaa, 0xf4, 0x3e,
    0xa0, 0x31, 0x8c, 0x3f, 0x96, 0x87, 0xfc, 0x3e, 0x36, 0x23, 0x8c, 0x3f,
    0x26, 0x3b, 0x00, 0x3f, 0x8c, 0xff, 0x89, 0x3f, 0x4b, 0xee, 0x02, 0x3f,
    0xf3, 0x18, 0x89, 0x3f, 0x72, 0x46, 0x05, 0x3f, 0xe1, 0xfe, 0x87, 0x3f,
    0x1d, 0x00, 0x00, 0x00, 0x72, 0x46, 0x05, 0x3f, 0xe1, 0xfe, 0x87, 0x3f,
    0xb7, 0xff, 0x02, 0x3f, 0x44, 0xbc, 0x8b, 0x3f, 0x15, 0xaa, 0x03, 0x3f,
    0xa4, 0xf8, 0x8d, 0x3f, 0xe2, 0x18, 0x03, 0x3f, 0x6b, 0x4e, 0x8f, 0x3f,
    0xa0, 0x12, 0x04, 0x3f, 0xb7, 0xc1, 0x8f, 0x3f, 0xf4, 0xad, 0x03, 0x3f,
    0x24, 0x51, 0x91, 0x3f, 0x35, 0x8a, 0x05, 0x3f, 0x67, 0x38, 0x94, 0x3f,
    0x01, 0x58, 0x09, 0x3f, 0xfd, 0x4c, 0x94, 0x3f, 0x9f, 0xde, 0x0b, 0x3f,
    0x0f, 0x8a, 0x95, 0x3f, 0xaf, 0xdc, 0x0b, 0x3f, 0x40, 0x34, 0x97, 0x3f,
    0x0f, 0x1e, 0x0d, 0x3f, 0x14, 0x74, 0x97, 0x3f, 0x21, 0xb3, 0x0d, 0x3f,
    0x90, 0x28, 0x99, 0x3f, 0xa6, 0x48, 0x0d, 0x3f, 0xa1, 0xfc, 0x99, 0x3f,
    0x06, 0x8a, 0x0e, 0x3f, 0xfd, 0xda, 0x9a, 0x3f, 0x4c, 0x39, 0x11, 0x3f,
    0x1b, 0xbc, 0x9a, 0x3f, 0x81, 0xea, 0x13, 0x3f, 0x0e, 0xaf, 0x9b, 0x3f,
    0xe7, 0x0c, 0x15, 0x3f, 0x7b, 0x1b, 0x9d, 0x3f, 0xef, 0xff, 0x17, 0x3f,
    0x00, 0x39, 0x9c, 0x3f, 0x16, 0xdd, 0x17, 0x3f, 0x9c, 0x5a, 0x9e, 0x3f,
    0x73, 0x79, 0x19, 0x3f, 0x16, 0xf7, 0x9e, 0x3f, 0xeb, 0x30, 0x1b, 0x3f,
    0x61, 0xde, 0x9e, 0x3f, 0x0b, 0x11, 0x1d, 0x3f, 0x90, 0xfc, 0x9f, 0x3f,
    0x38, 0x4a, 0x1f, 0x3f, 0xae, 0xba, 0x9f, 0x3f, 0x37, 0x2e, 0x21, 0x3f,
    0xcb, 0x32, 0x9f, 0x3f, 0xb3, 0x21, 0x23, 0x3f, 0x64, 0x82, 0xa0, 0x3f,
    0xc2, 0x11, 0x24, 0x3f, 0xf1, 0xe7, 0xa2, 0x3f, 0x68, 0x95, 0x24, 0x3f,
    0xbb, 0x78, 0xa5, 0x3f, 0x6e, 0x68, 0x25, 0x3f, 0x09, 0x9b, 0xa6, 0x3f,
    0x24, 0xea, 0x25, 0x3f, 0x93, 0xe8, 0xa7, 0x3f, 0x04, 0x00, 0x00, 0x00,
    0x24, 0xea, 0x25, 0x3f, 0x93, 0xe8, 0xa7, 0x3f, 0xcf, 0xd3, 0x23, 0x3f,
    0xa6, 0x8e, 0xa9, 0x3f, 0xdf, 0x64, 0x20, 0x3f, 0x7a, 0x37, 0xaa, 0x3f,
    0x2c, 0x96, 0x1e, 0x3f, 0x65, 0xe4, 0xad, 0x3f, 0x13, 0x00, 0x00, 0x00,
    0xb1, 0xf7, 0x25, 0x3f, 0xaa, 0x88, 0x97, 0x3f, 0x4d, 0x6c, 0x25, 0x3f,
    0xac, 0x37, 0x98, 0x3f, 0x33, 0xda, 0x26, 0x3f, 0x82, 0xd5, 0x99, 0x3f,
    0x80, 0xfd, 0x25, 0x3f, 0xfd, 0x94, 0x9a, 0x3f, 0x26, 0x0a, 0x28, 0x3f,
    0x49, 0x4e, 0x9b, 0x3f, 0xeb, 0xf2, 0x27, 0x3f, 0x10, 0xa4, 0x9c, 0x3f,
    0x69, 0x99, 0x28, 0x3f, 0x99, 0xfc, 0x9c, 0x3f, 0x1c, 0x68, 0x2a, 0x3f,
    0x4e, 0x38, 0x9d, 0x3f, 0xfd, 0xf4, 0x2b, 0x3f, 0x5f, 0x2f, 0x9e, 0x3f,
    0x91, 0xf1, 0x2a, 0x3f, 0x35, 0x64, 0x9f, 0x3f, 0x27, 0x93, 0x29, 0x3f,
    0x70, 0x26, 0x9f, 0x3f, 0xf2, 0x5c, 0x29, 0x3f, 0x63, 0xd3, 0x9f, 0x3f,
    0xb3, 0x9c, 0x25, 0x3f, 0xdb, 0x9d, 0x9f, 0x3f, 0x1f, 0x25, 0x24, 0x3f,
    0x55, 0x80, 0xa0, 0x3f, 0x1e, 0x17, 0x25, 0x3f, 0x0c, 0x48, 0xa1, 0x3f,
    0x67, 0x87, 0x25, 0x3f, 0x4a, 0x45, 0xa2, 0x3f, 0x70, 0x88, 0x27, 0x3f,
    0x7b, 0xa9, 0xa3, 0x3f, 0x41, 0x33, 0x27, 0x3f, 0xc9, 0x34, 0xa5, 0x3f,
    0x52, 0x31, 0x27, 0x3f, 0xa1, 0x81, 0xa7, 0x3f, 0x02, 0x00, 0x00, 0x00,
    0x52, 0x31, 0x27, 0x3f, 0xa1, 0x81, 0xa7, 0x3f, 0x24, 0xea, 0x25, 0x3f,
    0x93, 0xe8, 0xa7, 0x3f, 0x0a, 0x00, 0x00, 0x00, 0x72, 0x46, 0x05, 0x3f,
    0xe1, 0xfe, 0x87, 0x3f, 0x22, 0x54, 0x09, 0x3f, 0xb9, 0x05, 0x8a, 0x3f,
    0xce, 0x33, 0x0c, 0x3f, 0x5e, 0xd6, 0x89, 0x3f, 0x67, 0xf5, 0x0c, 0x3f,
    0x00, 0x26, 0x88, 0x3f, 0x65, 0xcb, 0x0f, 0x3f, 0xb4, 0xf8, 0x87, 0x3f,
    0x2e, 0x5d, 0x13, 0x3f, 0x58, 0x3d, 0x87, 0x3f, 0x80, 0xce, 0x15, 0x3f,
    0x5a, 0x32, 0x88, 0x3f, 0xee, 0x76, 0x16, 0x3f, 0x3a, 0x39, 0x87, 0x3f,
    0x67, 0xb7, 0x19, 0x3f, 0xb4, 0xd5, 0x87, 0x3f, 0x49, 0x48, 0x1f, 0x3f,
    0x5c, 0xbe, 0x88, 0x3f, 0x0b, 0x00, 0x00, 0x00, 0x49, 0x48, 0x1f, 0x3f,
    0x5c, 0xbe, 0x88, 0x3f, 0xa0, 0x96, 0x1d, 0x3f, 0x16, 0x07, 0x8b, 0x3f,
    0x91, 0x2f, 0x1e, 0x3f, 0x65, 0xb5, 0x8c, 0x3f, 0x69, 0x36, 0x20, 0x3f,
    0xcf, 0x2c, 0x8d, 0x3f, 0xb6, 0xe2, 0x20, 0x3f, 0xb5, 0xef, 0x8e, 0x3f,
    0x30, 0x3f, 0x22, 0x3f, 0xf4, 0x32, 0x90, 0x3f, 0xf9, 0xd0, 0x25, 0x3f,
    0x31, 0xa4, 0x90, 0x3f, 0xac, 0xad, 0x26, 0x3f, 0xf9, 0x85, 0x92, 0x3f,
    0x2a, 0x46, 0x28, 0x3f, 0x91, 0xe0, 0x92, 0x3f, 0x48, 0x14, 0x27, 0x3f,
    0x48, 0xee, 0x93, 0x3f, 0x7f, 0xef, 0x26, 0x3f, 0x3a, 0x9b, 0x94, 0x3f,
    0x07, 0x00, 0x00, 0x00, 0x79, 0xd0, 0x33, 0x3f, 0xba, 0xa4, 0x9e, 0x3f,
    0x1f, 0x70, 0x32, 0x3f, 0xc8, 0xd4, 0x9d, 0x3f, 0xd9, 0x2d, 0x33, 0x3f,
    0xef, 0x64, 0x9b, 0x3f, 0x9e, 0x9b, 0x30, 0x3f, 0x67, 0x2f, 0x9b, 0x3f,
    0xac, 0xf4, 0x30, 0x3f, 0x22, 0x9b, 0x9d, 0x3f, 0xf6, 0x80, 0x2f, 0x3f,
    0x55, 0x5d, 0xa0, 0x3f, 0x44, 0x2d, 0x30, 0x3f, 0x4f, 0x98, 0xa4, 0x3f,
    0x06, 0x00, 0x00, 0x00, 0x44, 0x2d, 0x30, 0x3f, 0x4f, 0x98, 0xa4, 0x3f,
    0x38, 0x0c, 0x2c, 0x3f, 0x6f, 0x28, 0xa5, 0x3f, 0x71, 0x7e, 0x2c, 0x3f,
    0xcb, 0xe3, 0xa5, 0x3f, 0x05, 0x7b, 0x2b, 0x3f, 0xbf, 0x3f, 0xa7, 0x3f,
    0xbf, 0xbd, 0x29, 0x3f, 0x28, 0x2b, 0xa7, 0x3f, 0x52, 0x31, 0x27, 0x3f,
    0xa1, 0x81, 0xa7, 0x3f, 0x0b, 0x00, 0x00, 0x00, 0xd5, 0x38, 0x3d, 0x3f,
    0x07, 0x4e, 0xb3, 0x3f, 0x69, 0x35, 0x3c, 0x3f, 0xbb, 0xfd, 0xb2, 0x3f,
    0xe5, 0xc9, 0x39, 0x3f, 0xf0, 0x77, 0xaf, 0x3f, 0xe0, 0x04, 0x38, 0x3f,
    0x1b, 0xac, 0xae, 0x3f, 0x5c, 0x7d, 0x37, 0x3f, 0x24, 0xcf, 0xab, 0x3f,
    0x8f, 0xa1, 0x34, 0x3f, 0xf5, 0xf6, 0xaa, 0x3f, 0x70, 0x3c, 0x35, 0x3f,
    0xa4, 0x99, 0xa8, 0x3f, 0xdd, 0x5b, 0x34, 0x3f, 0x55, 0x0e, 0xa7, 0x3f,
    0xb9, 0x3f, 0x32, 0x3f, 0xab, 0xea, 0xa4, 0x3f, 0x8f, 0x34, 0x31, 0x3f,
    0xf7, 0x3a, 0xa5, 0x3f, 0x44, 0x2d, 0x30, 0x3f, 0x4f, 0x98, 0xa4, 0x3f,
    0x0b, 0x00, 0x00, 0x00, 0x49, 0x48, 0x1f, 0x3f, 0x5c, 0xbe, 0x88, 0x3f,
    0x67, 0x0c, 0x23, 0x3f, 0xf2, 0x8c, 0x88, 0x3f, 0x0f, 0x35, 0x23, 0x3f,
    0xc1, 0xe2, 0x86, 0x3f, 0x93, 0x29, 0x27, 0x3f, 0x06, 0x54, 0x84, 0x3f,
    0x6a, 0xa7, 0x27, 0x3f, 0x02, 0x8d, 0x82, 0x3f, 0x46, 0xea, 0x29, 0x3f,
    0xdf, 0x12, 0x80, 0x3f, 0xc0, 0x54, 0x2a, 0x3f, 0x89, 0xfa, 0x7c, 0x3f,
    0xcb, 0x7f, 0x29, 0x3f, 0x2a, 0x04, 0x7b, 0x3f, 0xb5, 0xa0, 0x29, 0x3f,
    0x41, 0x06, 0x78, 0x3f, 0x58, 0x12, 0x27, 0x3f, 0x0d, 0xdb, 0x74, 0x3f,
    0xa4, 0x35, 0x26, 0x3f, 0x4f, 0xee, 0x70, 0x3f, 0x05, 0x00, 0x00, 0x00,
    0xbb, 0x14, 0x26, 0x3f, 0xe4, 0x0a, 0x48, 0x3f, 0x73, 0xa8, 0x29, 0x3f,
    0xfc, 0x98, 0x45, 0x3f, 0xbc, 0x0a, 0x2b, 0x3f, 0x77, 0x7b, 0x46, 0x3f,
    0x54, 0x2b, 0x30, 0x3f, 0x37, 0x15, 0x45, 0x3f, 0x93, 0x70, 0x31, 0x3f,
    0x99, 0x23, 0x48, 0x3f, 0x04, 0x00, 0x00, 0x00, 0x93, 0x70, 0x31, 0x3f,
    0x99, 0x23, 0x48, 0x3f, 0xda, 0xc0, 0x2f, 0x3f, 0xc7, 0xd8, 0x48, 0x3f,
    0x54, 0xb0, 0x2d, 0x3f, 0x63, 0x1d, 0x4b, 0x3f, 0x52, 0x19, 0x2d, 0x3f,
    0xc4, 0x2b, 0x4e, 0x3f, 0x02, 0x00, 0x00, 0x00, 0x52, 0x19, 0x2d, 0x3f,
    0xc4, 0x2b, 0x4e, 0x3f, 0x3b, 0x3a, 0x2d, 0x3f, 0xaa, 0xcb, 0x4f, 0x3f,
    0x07, 0x00, 0x00, 0x00, 0x3b, 0x3a, 0x2d, 0x3f, 0xaa, 0xcb, 0x4f, 0x3f,
    0x52, 0x86, 0x30, 0x3f, 0x2e, 0x0e, 0x55, 0x3f, 0x81, 0xdb, 0x30, 0x3f,
    0x6e, 0xba, 0x56, 0x3f, 0xa4, 0x8a, 0x2f, 0x3f, 0x17, 0x0c, 0x58, 0x3f,
    0x56, 0x55, 0x2d, 0x3f, 0xe6, 0x84, 0x56, 0x3f, 0x1e, 0xff, 0x2a, 0x3f,
    0x47, 0x4d, 0x59, 0x3f, 0x43, 0x37, 0x2b, 0x3f, 0x68, 0x69, 0x5a, 0x3f,
    0x0b, 0x00, 0x00, 0x00, 0xc1, 0x0d, 0x20, 0x3f, 0xc9, 0x84, 0x21, 0x3f,
    0x7f, 0x07, 0x21, 0x3f, 0x80, 0xb5, 0x22, 0x3f, 0x2c, 0x03, 0x22, 0x3f,
    0x55, 0xea, 0x23, 0x3f, 0x1c, 0x80, 0x24, 0x3f, 0x1a, 0x28, 0x24, 0x3f,
    0x79, 0xa1, 0x23, 0x3f, 0xd2, 0x9e, 0x25, 0x3f, 0xe9, 0xe0, 0x24, 0x3f,
    0xdd, 0x8a, 0x2a, 0x3f, 0x14, 0x08, 0x24, 0x3f, 0x2e, 0xe8, 0x2c, 0x3f,
    0xf4, 0x0b, 0x24, 0x3f, 0x27, 0x97, 0x30, 0x3f, 0xbd, 0xb9, 0x25, 0x3f,
    0xd8, 0xbc, 0x35, 0x3f, 0x61, 0xa6, 0x25, 0x3f, 0x65, 0x22, 0x38, 0x3f,
    0x7d, 0x58, 0x26, 0x3f, 0x9e, 0x37, 0x3d, 0x3f, 0x06, 0x00, 0x00, 0x00,
    0x52, 0x19, 0x2d, 0x3f, 0xc4, 0x2b, 0x4e, 0x3f, 0x6d, 0xaf, 0x2f, 0x3f,
    0x75, 0x5a, 0x4c, 0x3f, 0x9a, 0x5f, 0x30, 0x3f, 0x93, 0x5e, 0x4c, 0x3f,
    0xba, 0x5b, 0x30, 0x3f, 0x16, 0x64, 0x4a, 0x3f, 0x8d, 0x8f, 0x31, 0x3f,
    0x6d, 0x12, 0x49, 0x3f, 0x93, 0x70, 0x31, 0x3f, 0x99, 0x23, 0x48, 0x3f,
    0x05, 0x00, 0x00, 0x00, 0x93, 0x70, 0x31, 0x3f, 0x99, 0x23, 0x48, 0x3f,
    0x90, 0xbd, 0x32, 0x3f, 0xc2, 0x62, 0x46, 0x3f, 0x27, 0xda, 0x33, 0x3f,
    0x60, 0x0e, 0x43, 0x3f, 0xb7, 0x07, 0x36, 0x3f, 0x8e, 0x7d, 0x43, 0x3f,
    0x66, 0x9a, 0x37, 0x3f, 0x05, 0xbc, 0x42, 0x3f, 0x02, 0x00, 0x00, 0x00,
    0x66, 0x9a, 0x37, 0x3f, 0x05, 0xbc, 0x42, 0x3f, 0x82, 0x4c, 0x38, 0x3f,
    0x7c, 0xf1, 0x48, 0x3f, 0x09, 0x00, 0x00, 0x00, 0x82, 0x4c, 0x38, 0x3f,
    0x7c, 0xf1, 0x48, 0x3f, 0x6e, 0x20, 0x37, 0x3f, 0x33, 0xdc, 0x49, 0x3f,
    0x06, 0x59, 0x36, 0x3f, 0xaf, 0x90, 0x4b, 0x3f, 0x80, 0x3a, 0x35, 0x3f,
    0x17, 0xaa, 0x4a, 0x3f, 0x6e, 0xb3, 0x33, 0x3f, 0x86, 0x0b, 0x4d, 0x3f,
    0x88, 0x45, 0x32, 0x3f, 0x56, 0xca, 0x4b, 0x3f, 0xc6, 0x0f, 0x31, 0x3f,
    0x3c, 0xb0, 0x4d, 0x3f, 0xfc, 0x53, 0x30, 0x3f, 0xd7, 0xae, 0x4f, 0x3f,
    0x3b, 0x3a, 0x2d, 0x3f, 0xaa, 0xcb, 0x4f, 0x3f, 0x05, 0x00, 0x00, 0x00,
    0x68, 0x62, 0x9a, 0x3f, 0xee, 0x7a, 0xb8, 0x3e, 0xa8, 0x4a, 0x99, 0x3f,
    0x54, 0x6a, 0xc4, 0x3e, 0x86, 0xc5, 0x97, 0x3f, 0x55, 0x58, 0xd2, 0x3e,
    0xa7, 0x54, 0x94, 0x3f, 0x38, 0x9a, 0xd2, 0x3e, 0x04, 0x76, 0x93, 0x3f,
    0x20, 0x98, 0xd5, 0x3e, 0x0f, 0x00, 0x00, 0x00, 0x04, 0xca, 0x68, 0x3f,
    0x06, 0x06, 0x0e, 0x3f, 0x42, 0x86, 0x68, 0x3f, 0xdf, 0x2d, 0x0a, 0x3f,
    0x84, 0x8c, 0x67, 0x3f, 0xdc, 0xcf, 0x08, 0x3f, 0x98, 0x4b, 0x65, 0x3f,
    0xbd, 0x85, 0x08, 0x3f, 0xf2, 0xb9, 0x65, 0x3f, 0xaa, 0xbc, 0x06, 0x3f,
    0xbc, 0x83, 0x65, 0x3f, 0x37, 0xb7, 0x02, 0x3f, 0xe7, 0x8e, 0x66, 0x3f,
    0x9e, 0x8a, 0x01, 0x3f, 0x7f, 0xc7, 0x65, 0x3f, 0xbc, 0xbc, 0xff, 0x3e,
    0xfd, 0x6d, 0x66, 0x3f, 0x00, 0x5c, 0xfc, 0x3e, 0x39, 0x85, 0x66, 0x3f,
    0xa5, 0x58, 0xf5, 0x3e, 0x32, 0x96, 0x67, 0x3f, 0x9d, 0x5f, 0xeb, 0x3e,
    0x30, 0xf1, 0x67, 0x3f, 0x6b, 0x55, 0xe2, 0x3e, 0x15, 0xd6, 0x67, 0x3f,
    0xc4, 0x6a, 0xdb, 0x3e, 0x53, 0xa0, 0x66, 0x3f, 0xf5, 0x86, 0xd6, 0x3e,
    0xcc, 0x73, 0x66, 0x3f, 0xa0, 0x3f, 0xd2, 0x3e, 0x07, 0x00, 0x00, 0x00,
    0xcc, 0x73, 0x66, 0x3f, 0xa0, 0x3f, 0xd2, 0x3e, 0xf6, 0x70, 0x68, 0x3f,
    0x37, 0x0e, 0xd2, 0x3e, 0x6b, 0x83, 0x6a, 0x3f, 0x30, 0x52, 0xcf, 0x3e,
    0xac, 0x6d, 0x6b, 0x3f, 0x4c, 0xa9, 0xd4, 0x3e, 0xa1, 0x34, 0x6d, 0x3f,
    0xc4, 0xb9, 0xd4, 0x3e, 0x39, 0xe8, 0x6e, 0x3f, 0xa0, 0x3f, 0xd2, 0x3e,
    0x84, 0xe1, 0x70, 0x3f, 0xcd, 0xdc, 0xd1, 0x3e, 0x06, 0x00, 0x00, 0x00,
    0x84, 0xe1, 0x70, 0x3f, 0xcd, 0xdc, 0xd1, 0x3e, 0xc5, 0xd9, 0x70, 0x3f,
    0xef, 0x7b, 0xda, 0x3e, 0x7f, 0x89, 0x72, 0x3f, 0x14, 0x33, 0xe4, 0x3e,
    0x2d, 0x0e, 0x75, 0x3f, 0x28, 0x42, 0xe6, 0x3e, 0x03, 0x7e, 0x76, 0x3f,
    0xde, 0x97, 0xed, 0x3e, 0x1d, 0x7d, 0x78, 0x3f, 0xbe, 0xc1, 0xec, 0x3e,
    0x03, 0x00, 0x00, 0x00, 0x1d, 0x7d, 0x78, 0x3f, 0xbe, 0xc1, 0xec, 0x3e,
    0xb6, 0x3e, 0x79, 0x3f, 0x8e, 0x31, 0xf2, 0x3e, 0x1d, 0xf8, 0x7a, 0x3f,
    0xc2, 0xc7, 0xfb, 0x3e, 0x04, 0x00, 0x00, 0x00, 0x80, 0x5f, 0x4a, 0x3f,
    0xa4, 0x46, 0x04, 0x3f, 0x09, 0x23, 0x4b, 0x3f, 0xcd, 0x3f, 0x02, 0x3f,
    0x1e, 0x6b, 0x4a, 0x3f, 0x5f, 0x24, 0x00, 0x3f, 0x24, 0x3e, 0x4b, 0x3f,
    0x87, 0x4b, 0xfc, 0x3e, 0x14, 0x00, 0x00, 0x00, 0x24, 0x3e, 0x4b, 0x3f,
    0x87, 0x4b, 0xfc, 0x3e, 0x0b, 0xba, 0x4b, 0x3f, 0x05, 0x8c, 0xfe, 0x3e,
    0x0c, 0x43, 0x4d, 0x3f, 0xc8, 0x0f, 0x00, 0x3f, 0x03, 0xaf, 0x4e, 0x3f,
    0xbc, 0x48, 0x01, 0x3f, 0x39, 0x7c, 0x4f, 0x3f, 0x61, 0xf6, 0x00, 0x3f,
    0x37, 0xd7, 0x4f, 0x3f, 0x36, 0xe5, 0x01, 0x3f, 0x67, 0x3a, 0x4f, 0x3f,
    0x64, 0x54, 0x02, 0x3f, 0x8e, 0x17, 0x4f, 0x3f, 0xb5, 0xf7, 0x04, 0x3f,
    0xbd, 0x6c, 0x4f, 0x3f, 0x6c, 0x28, 0x06, 0x3f, 0xe5, 0xe0, 0x4f, 0x3f,
    0x4c, 0x52, 0x05, 0x3f, 0x43, 0x8b, 0x50, 0x3f, 0x89, 0xa0, 0x05, 0x3f,
    0xa9, 0xad, 0x51, 0x3f, 0x1c, 0x11, 0x04, 0x3f, 0xd9, 0x8b, 0x53, 0x3f,
    0x66, 0x6c, 0x03, 0x3f, 0xa3, 0x47, 0x54, 0x3f, 0x81, 0xcc, 0x01, 0x3f,
    0xd5, 0xca, 0x55, 0x3f, 0xdc, 0x1e, 0x02, 0x3f, 0xa7, 0xfe, 0x56, 0x3f,
    0x22, 0x1c, 0x00, 0x3f, 0x3f, 0x29, 0x57, 0x3f, 0x2d, 0x85, 0xfc, 0x3e,
    0x77, 0x8d, 0x58, 0x3f, 0x1f, 0xf5, 0xf5, 0x3e, 0x2e, 0x1d, 0x58, 0x3f,
    0x8a, 0x01, 0xf0, 0x3e, 0xc0, 0x74, 0x57, 0x3f, 0xfd, 0xe1, 0xed, 0x3e,
    0x09, 0x00, 0x00, 0x00, 0xc0, 0x74, 0x57, 0x3f, 0xfd, 0xe1, 0xed, 0x3e,
    0xc0, 0x74, 0x57, 0x3f, 0x31, 0x16, 0xea, 0x3e, 0xa6, 0x67, 0x56, 0x3f,
    0xf0, 0xdd, 0xe7, 0x3e, 0x3b, 0xfb, 0x55, 0x3f, 0xa4, 0x45, 0xe1, 0x3e,
    0x0f, 0x4b, 0x55, 0x3f, 0x43, 0x37, 0xde, 0x3e, 0xd7, 0x61, 0x56, 0x3f,
    0xdf, 0x10, 0xda, 0x3e, 0xa6, 0x67, 0x56, 0x3f, 0xf0, 0x56, 0xd4, 0x3e,
    0x7c, 0xe5, 0x56, 0x3f, 0x6b, 0xce, 0xce, 0x3e, 0x9e, 0xef, 0x55, 0x3f,
    0x26, 0xf2, 0xca, 0x3e, 0x03, 0x00, 0x00, 0x00, 0x9e, 0xef, 0x55, 0x3f,
    0x26, 0xf2, 0xca, 0x3e, 0x70, 0x23, 0x57, 0x3f, 0xad, 0x55, 0xca, 0x3e,
    0x21, 0x5b, 0x58, 0x3f, 0x29, 0x59, 0xc5, 0x3e, 0x03, 0x00, 0x00, 0x00,
    0x21, 0x5b, 0x58, 0x3f, 0x29, 0x59, 0xc5, 0x3e, 0xe5, 0x27, 0x5a, 0x3f,
    0x1e, 0x1e, 0xc7, 0x3e, 0x09, 0x52, 0x5b, 0x3f, 0x41, 0x98, 0xc9, 0x3e,
    0x07, 0x00, 0x00, 0x00, 0x09, 0x52, 0x5b, 0x3f, 0x41, 0x98, 0xc9, 0x3e,
    0x46, 0x0e, 0x5b, 0x3f, 0x64, 0x86, 0xcb, 0x3e, 0x3f, 0x11, 0x5d, 0x3f,
    0xaa, 0x3d, 0xc9, 0x3e, 0xd0, 0xc7, 0x60, 0x3f, 0x08, 0x59, 0xd1, 0x3e,
    0x65, 0x4d, 0x61, 0x3f, 0x8a, 0xc9, 0xd5, 0x3e, 0xc5, 0x8e, 0x62, 0x3f,
    0x5f, 0xb8, 0xd6, 0x3e, 0xcc, 0x73, 0x66, 0x3f, 0xa0, 0x3f, 0xd2, 0x3e,
    0x08, 0x00, 0x00, 0x00, 0x09, 0x52, 0x5b, 0x3f, 0x41, 0x98, 0xc9, 0x3e,
    0x80, 0x09, 0x5d, 0x3f, 0x10, 0x1a, 0xc1, 0x3e, 0xe1, 0x66, 0x5c, 0x3f,
    0xf2, 0xaa, 0xba, 0x3e, 0xf9, 0xdc, 0x5c, 0x3f, 0x16, 0x74, 0xb6, 0x3e,
    0x1b, 0xe7, 0x5b, 0x3f, 0x37, 0x25, 0xb1, 0x3e, 0xa9, 0x7d, 0x5d, 0x3f,
    0x3c, 0xa4, 0xac, 0x3e, 0xd9, 0xe0, 0x5c, 0x3f, 0x61, 0xf9, 0xa8, 0x3e,
    0x8b, 0x26, 0x5d, 0x3f, 0x9c, 0x75, 0xa8, 0x3e, 0x0a, 0x00, 0x00, 0x00,
    0x8b, 0x26, 0x5d, 0x3f, 0x9c, 0x75, 0xa8, 0x3e, 0xe9, 0x59, 0x5f, 0x3f,
    0xb1, 0x5f, 0xa4, 0x3e, 0x9b, 0x9f, 0x5f, 0x3f, 0xed, 0xb6, 0x9d, 0x3e,
    0xc3, 0x05, 0x61, 0x3f, 0xcd, 0xe0, 0x9c, 0x3e, 0x8a, 0x85, 0x61, 0x3f,
    0xce, 0xbb, 0x96, 0x3e, 0x55, 0x5d, 0x60, 0x3f, 0x26, 0x6a, 0x95, 0x3e,
    0x86, 0x49, 0x61, 0x3f, 0x93, 0x8e, 0x90, 0x3e, 0x16, 0x85, 0x62, 0x3f,
    0x94, 0x1a, 0x91, 0x3e, 0xd3, 0xe7, 0x62, 0x3f, 0xd0, 0x71, 0x8a, 0x3e,
    0x98, 0x59, 0x64, 0x3f, 0xb8, 0x32, 0x86, 0x3e, 0x07, 0x00, 0x00, 0x00,
    0x98, 0x59, 0x64, 0x3f, 0xb8, 0x32, 0x86, 0x3e, 0x76, 0x33, 0x67, 0x3f,
    0xdd, 0x87, 0x82, 0x3e, 0x66, 0xbe, 0x68, 0x3f, 0x0b, 0x3d, 0x83, 0x3e,
    0x2b, 0x22, 0x6b, 0x3f, 0xca, 0x04, 0x81, 0x3e, 0xba, 0xb8, 0x6c, 0x3f,
    0xfe, 0x89, 0x7b, 0x3e, 0x9c, 0xea, 0x6d, 0x3f, 0x23, 0x3f, 0x80, 0x3e,
    0x68, 0x2f, 0x70, 0x3f, 0x1e, 0x60, 0x7c, 0x3e, 0x03, 0x00, 0x00, 0x00,
    0xc4, 0xbd, 0x72, 0x3f, 0x90, 0x23, 0xcb, 0x3e, 0xdd, 0x41, 0x72, 0x3f,
    0x04, 0xb5, 0xcf, 0x3e, 0x84, 0xe1, 0x70, 0x3f, 0xcd, 0xdc, 0xd1, 0x3e,
    0x05, 0x00, 0x00, 0x00, 0x76, 0x04, 0x57, 0x3f, 0x1c, 0xbb, 0x97, 0x3e,
    0xe4, 0x31, 0x55, 0x3f, 0x29, 0x0e, 0x97, 0x3e, 0x05, 0x2e, 0x55, 0x3f,
    0x69, 0x09, 0x92, 0x3e, 0x36, 0x36, 0x54, 0x3f, 0xe6, 0xbd, 0x93, 0x3e,
    0x8a, 0x56, 0x51, 0x3f, 0x39, 0xc8, 0x90, 0x3e, 0x05, 0x00, 0x00, 0x00,
    0x8a, 0x56, 0x51, 0x3f, 0x39, 0xc8, 0x90, 0x3e, 0xf1, 0x94, 0x50, 0x3f,
    0xbd, 0x13, 0x8f, 0x3e, 0xd7, 0x79, 0x50, 0x3f, 0x7e, 0x42, 0x87, 0x3e,
    0x6b, 0x76, 0x4f, 0x3f, 0x83, 0xc1, 0x82, 0x3e, 0x89, 0xcd, 0x4f, 0x3f,
    0x20, 0xc7, 0x76, 0x3e, 0x06, 0x00, 0x00, 0x00, 0x89, 0xcd, 0x4f, 0x3f,
    0x20, 0xc7, 0x76, 0x3e, 0xbe, 0xf5, 0x50, 0x3f, 0x9b, 0x2b, 0x5d, 0x3e,
    0x9e, 0x82, 0x52, 0x3f, 0x65, 0x2e, 0x59, 0x3e, 0x26, 0xbd, 0x51, 0x3f,
    0x4c, 0x8d, 0x47, 0x3e, 0x62, 0xe2, 0x50, 0x3f, 0x38, 0x7e, 0x45, 0x3e,
    0x01, 0x85, 0x51, 0x3f, 0x98, 0x9e, 0x3a, 0x3e, 0x05, 0x00, 0x00, 0x00,
    0x01, 0x85, 0x51, 0x3f, 0x98, 0x9e, 0x3a, 0x3e, 0xfb, 0xa3, 0x51, 0x3f,
    0xb0, 0x7b, 0x31, 0x3e, 0x11, 0x75, 0x52, 0x3f, 0xcb, 0x70, 0x29, 0x3e,
    0xc8, 0x8d, 0x53, 0x3f, 0x95, 0x24, 0x2c, 0x3e, 0x20, 0x57, 0x54, 0x3f,
    0xdf, 0x7f, 0x2b, 0x3e, 0x0c, 0x00, 0x00, 0x00, 0x20, 0x57, 0x54, 0x3f,
    0xdf, 0x7f, 0x2b, 0x3e, 0x03, 0x97, 0x54, 0x3f, 0xfa, 0xd6, 0x30, 0x3e,
    0x83, 0x59, 0x53, 0x3f, 0x69, 0xe9, 0x39, 0x3e, 0x86, 0x87, 0x54, 0x3f,
    0xc9, 0x6b, 0x3c, 0x3e, 0x20, 0x57, 0x54, 0x3f, 0x38, 0x2f, 0x4c, 0x3e,
    0x57, 0x24, 0x55, 0x3f, 0xfb, 0xfc, 0x58, 0x3e, 0x7e, 0x01, 0x55, 0x3f,
    0xa5, 0x8b, 0x61, 0x3e, 0x3d, 0x17, 0x54, 0x3f, 0xa3, 0x24, 0x67, 0x3e,
    0xd6, 0xd8, 0x54, 0x3f, 0xe3, 0xd0, 0x68, 0x3e, 0x30, 0xc2, 0x57, 0x3f,
    0x0a, 0x3e, 0x66, 0x3e, 0x63, 0x53, 0x58, 0x3f, 0x28, 0xad, 0x6c, 0x3e,
    0xf9, 0x61, 0x5a, 0x3f, 0x54, 0xfb, 0x72, 0x3e, 0x07, 0x00, 0x00, 0x00,
    0xf9, 0x61, 0x5a, 0x3f, 0x54, 0xfb, 0x72, 0x3e, 0x23, 0xf2, 0x58, 0x3f,
    0x32, 0x1e, 0x80, 0x3e, 0xa5, 0xc6, 0x5a, 0x3f, 0x2e, 0x2b, 0x85, 0x3e,
    0xd4, 0x1b, 0x5b, 0x3f, 0x44, 0x52, 0x88, 0x3e, 0x5a, 0xbf, 0x59, 0x3f,
    0xea, 0x3c, 0x8f, 0x3e, 0x6e, 0xf9, 0x59, 0x3f, 0xc7, 0x73, 0x93, 0x3e,
    0x89, 0x22, 0x59, 0x3f, 0xee, 0x91, 0x97, 0x3e, 0x03, 0x00, 0x00, 0x00,
    0x89, 0x22, 0x59, 0x3f, 0xee, 0x91, 0x97, 0x3e, 0x56, 0x91, 0x58, 0x3f,
    0x83, 0xd4, 0x96, 0x3e, 0x76, 0x04, 0x57, 0x3f, 0x1c, 0xbb, 0x97, 0x3e,
    0x05, 0x00, 0x00, 0x00, 0x9e, 0xef, 0x55, 0x3f, 0x26, 0xf2, 0xca, 0x3e,
    0x7e, 0x01, 0x55, 0x3f, 0x1a, 0x7a, 0xc5, 0x3e, 0x29, 0xf9, 0x51, 0x3f,
    0x3e, 0x43, 0xc1, 0x3e, 0xd5, 0xf0, 0x4e, 0x3f, 0xaa, 0xdb, 0xbb, 0x3e,
    0xf1, 0x19, 0x4e, 0x3f, 0x21, 0xaf, 0xb4, 0x3e, 0x03, 0x00, 0x00, 0x00,
    0xf1, 0x19, 0x4e, 0x3f, 0x21, 0xaf, 0xb4, 0x3e, 0x47, 0x4c, 0x4e, 0x3f,
    0x60, 0x1e, 0xaf, 0x3e, 0x33, 0x20, 0x4d, 0x3f, 0x32, 0x44, 0xa8, 0x3e,
    0x05, 0x00, 0x00, 0x00, 0x33, 0x20, 0x4d, 0x3f, 0x32, 0x44, 0xa8, 0x3e,
    0xe5, 0x73, 0x4c, 0x3f, 0xb2, 0xeb, 0xa4, 0x3e, 0x99, 0x50, 0x4d, 0x3f,
    0xc0, 0x8d, 0x9d, 0x3e, 0x67, 0x3a, 0x4f, 0x3f, 0xbf, 0xdc, 0x96, 0x3e,
    0xba, 0xc7, 0x4f, 0x3f, 0x04, 0x08, 0x94, 0x3e, 0x03, 0x00, 0x00, 0x00,
    0xba, 0xc7, 0x4f, 0x3f, 0x04, 0x08, 0x94, 0x3e, 0xed, 0x4a, 0x51, 0x3f,
    0x4c, 0x4b, 0x92, 0x3e, 0x8a, 0x56, 0x51, 0x3f, 0x39, 0xc8, 0x90, 0x3e,
    0x0d, 0x00, 0x00, 0x00, 0x76, 0x04, 0x57, 0x3f, 0x1c, 0xbb, 0x97, 0x3e,
    0x21, 0xe0, 0x55, 0x3f, 0x53, 0x44, 0x9c, 0x3e, 0x4a, 0x62, 0x55, 0x3f,
    0x97, 0x94, 0x9f, 0x3e, 0x9e, 0xef, 0x55, 0x3f, 0x7b, 0x13, 0xa7, 0x3e,
    0x10, 0xd4, 0x56, 0x3f, 0xaa, 0xc8, 0xa7, 0x3e, 0xe9, 0xf6, 0x56, 0x3f,
    0xd0, 0x5a, 0xab, 0x3e, 0x05, 0xa9, 0x57, 0x3f, 0x9d, 0xb2, 0xaf, 0x3e,
    0x74, 0x5f, 0x57, 0x3f, 0xaf, 0xa9, 0xb0, 0x3e, 0xb7, 0xee, 0x57, 0x3f,
    0x4f, 0xd8, 0xb4, 0x3e, 0xd1, 0xfb, 0x58, 0x3f, 0xdb, 0xf7, 0xb6, 0x3e,
    0x83, 0x41, 0x59, 0x3f, 0x4b, 0xe5, 0xb9, 0x3e, 0x09, 0xe5, 0x57, 0x3f,
    0x43, 0x73, 0xc3, 0x3e, 0x21, 0x5b, 0x58, 0x3f, 0x29, 0x59, 0xc5, 0x3e,
    0x08, 0x00, 0x00, 0x00, 0x24, 0x3e, 0x4b, 0x3f, 0x87, 0x4b, 0xfc, 0x3e,
    0xdb, 0x48, 0x4d, 0x3f, 0xc0, 0xaf, 0xfa, 0x3e, 0xb9, 0x30, 0x4f, 0x3f,
    0xd1, 0xa6, 0xfb, 0x3e, 0x24, 0x26, 0x51, 0x3f, 0xb2, 0x5c, 0xfb, 0x3e,
    0x9b, 0xcf, 0x53, 0x3f, 0x01, 0x37, 0xf6, 0x3e, 0xaa, 0xb1, 0x55, 0x3f,
    0x0a, 0x5a, 0xf3, 0x3e, 0x76, 0x04, 0x57, 0x3f, 0xc7, 0x95, 0xf0, 0x3e,
    0xc0, 0x74, 0x57, 0x3f, 0xfd, 0xe1, 0xed, 0x3e, 0x09, 0x00, 0x00, 0x00,
    0x7d, 0x49, 0x43, 0x3f, 0xbb, 0x30, 0xff, 0x3e, 0x85, 0xc1, 0x43, 0x3f,
    0x55, 0xf2, 0xf9, 0x3e, 0xc1, 0x61, 0x45, 0x3f, 0xbe, 0x72, 0xf3, 0x3e,
    0x97, 0x56, 0x44, 0x3f, 0xb6, 0xed, 0xe8, 0x3e, 0x31, 0x34, 0x43, 0x3f,
    0x33, 0x7d, 0xe4, 0x3e, 0x35, 0x70, 0x43, 0x3f, 0x15, 0x5d, 0xd7, 0x3e,
    0x51, 0x22, 0x44, 0x3f, 0xe8, 0x82, 0xd0, 0x3e, 0x12, 0xcf, 0x43, 0x3f,
    0x76, 0x09, 0xcd, 0x3e, 0x83, 0xa5, 0x45, 0x3f, 0x9e, 0x76, 0xca, 0x3e,
    0x0a, 0x00, 0x00, 0x00, 0x83, 0xa5, 0x45, 0x3f, 0x9e, 0x76, 0xca, 0x3e,
    0xeb, 0x6c, 0x46, 0x3f, 0x9a, 0xd2, 0xc8, 0x3e, 0x95, 0x2c, 0x47, 0x3f,
    0xea, 0xe9, 0xca, 0x3e, 0xd8, 0xbb, 0x47, 0x3f, 0xa9, 0xb1, 0xc8, 0x3e,
    0x5c, 0xba, 0x46, 0x3f, 0x2a, 0xe5, 0xc5, 0x3e, 0x59, 0x07, 0x48, 0x3f,
    0x00, 0xaf, 0xc0, 0x3e, 0xba, 0xdf, 0x49, 0x3f, 0xd1, 0xf9, 0xbf, 0x3e,
    0xd4, 0xec, 0x4a, 0x3f, 0x01, 0x8a, 0xba, 0x3e, 0xcb, 0x58, 0x4c, 0x3f,
    0xb4, 0x8a, 0xb9, 0x3e, 0xf1, 0x19, 0x4e, 0x3f, 0x21, 0xaf, 0xb4, 0x3e,
    0x07, 0x00, 0x00, 0x00, 0x5d, 0x59, 0x7a, 0x3f, 0xc9, 0x25, 0xbc, 0x3e,
    0xc6, 0xb7, 0x7b, 0x3f, 0xb3, 0x60, 0xc6, 0x3e, 0x35, 0x6e, 0x7b, 0x3f,
    0x7a, 0x5e, 0xd5, 0x3e, 0x6e, 0xe0, 0x7b, 0x3f, 0xca, 0x26, 0xde, 0x3e,
    0x4e, 0xf2, 0x7a, 0x3f, 0xfa, 0x67, 0xdf, 0x3e, 0xbd, 0xa8, 0x7a, 0x3f,
    0xd8, 0x2a, 0xe4, 0x3e, 0x1d, 0x7d, 0x78, 0x3f, 0xbe, 0xc1, 0xec, 0x3e,
    0x05, 0x00, 0x00, 0x00, 0x5c, 0x1c, 0x81, 0x3f, 0xfc, 0x42, 0xd9, 0x3e,
    0x00, 0x82, 0x81, 0x3f, 0xd1, 0xe2, 0xe0, 0x3e, 0x56, 0x3b, 0x81, 0x3f,
    0x52, 0xc7, 0xe4, 0x3e, 0x58, 0x67, 0x80, 0x3f, 0xa0, 0x77, 0xec, 0x3e,
    0x61, 0x66, 0x80, 0x3f, 0x92, 0xd5, 0xf3, 0x3e, 0x0b, 0x00, 0x00, 0x00,
    0x98, 0x59, 0x64, 0x3f, 0xb8, 0x32, 0x86, 0x3e, 0x90, 0xe1, 0x63, 0x3f,
    0x82, 0x35, 0x82, 0x3e, 0x36, 0x65, 0x64, 0x3f, 0x9e, 0xb8, 0x7f, 0x3e,
    0x72, 0x8a, 0x63, 0x3f, 0xa3, 0x37, 0x7b, 0x3e, 0xbe, 0xad, 0x62, 0x3f,
    0x68, 0x59, 0x6e, 0x3e, 0x27, 0x91, 0x61, 0x3f, 0xe0, 0xb8, 0x67, 0x3e,
    0x6a, 0x97, 0x60, 0x3f, 0xb4, 0xb9, 0x5a, 0x3e, 0xae, 0x42, 0x5f, 0x3f,
    0xca, 0xe0, 0x5d, 0x3e, 0x9f, 0x60, 0x5d, 0x3f, 0xec, 0xce, 0x5f, 0x3e,
    0xb6, 0x4d, 0x5c, 0x3f, 0x5b, 0xe1, 0x68, 0x3e, 0xf9, 0x61, 0x5a, 0x3f,
    0x54, 0xfb, 0x72, 0x3e, 0x04, 0x00, 0x00, 0x00, 0x20, 0x57, 0x54, 0x3f,
    0xdf, 0x7f, 0x2b, 0x3e, 0x89, 0xb5, 0x55, 0x3f, 0x77, 0x53, 0x18, 0x3e,
    0xbb, 0xbd, 0x54, 0x3f, 0x9c, 0xa8, 0x14, 0x3e, 0x7a, 0xc5, 0x54, 0x3f,
    0x6b, 0x79, 0x05, 0x3e, 0x03, 0x00, 0x00, 0x00, 0xc2, 0x01, 0x5d, 0x3f,
    0x5f, 0x23, 0xdd, 0x3d, 0x2d, 0xf7, 0x5e, 0x3f, 0x72, 0x32, 0xdf, 0x3d,
    0xaa, 0xf8, 0x5f, 0x3f, 0xad, 0xfd, 0xd7, 0x3d, 0x02, 0x00, 0x00, 0x00,
    0xaa, 0xf8, 0x5f, 0x3f, 0xad, 0xfd, 0xd7, 0x3d, 0x0e, 0xff, 0x62, 0x3f,
    0xd5, 0x1b, 0xdc, 0x3d, 0x06, 0x00, 0x00, 0x00, 0x0e, 0xff, 0x62, 0x3f,
    0xd5, 0x1b, 0xdc, 0x3d, 0x6d, 0xad, 0x67, 0x3f, 0x8b, 0x0f, 0xd6, 0x3d,
    0x6d, 0xad, 0x67, 0x3f, 0xe9, 0x8c, 0xeb, 0x3d, 0x37, 0x5b, 0x69, 0x3f,
    0xdf, 0x8e, 0xf4, 0x3d, 0x94, 0x72, 0x6d, 0x3f, 0xe4, 0x6f, 0xfd, 0x3d,
    0xc7, 0xf5, 0x6e, 0x3f, 0xd5, 0xdf, 0xf6, 0x3d, 0x03, 0x00, 0x00, 0x00,
    0xc2, 0x93, 0x75, 0x3f, 0xf0, 0x63, 0x18, 0x3e, 0xc1, 0xfc, 0x74, 0x3f,
    0xe2, 0xe6, 0x25, 0x3e, 0xfe, 0xaa, 0x75, 0x3f, 0xbf, 0x5a, 0x31, 0x3e,
    0x03, 0x00, 0x00, 0x00, 0xc3, 0xb1, 0x3b, 0x3f, 0xfb, 0x2b, 0xfa, 0x3e,
    0xb5, 0x4a, 0x3c, 0x3f, 0xad, 0x7b, 0xf2, 0x3e, 0x9d, 0xe2, 0x3a, 0x3f,
    0x02, 0x61, 0xe9, 0x3e, 0x06, 0x00, 0x00, 0x00, 0x9d, 0xe2, 0x3a, 0x3f,
    0x02, 0x61, 0xe9, 0x3e, 0x6f, 0xa9, 0x38, 0x3f, 0x4d, 0x48, 0xe9, 0x3e,
    0x05, 0x3d, 0x38, 0x3f, 0xef, 0x2c, 0xe1, 0x3e, 0xd5, 0xcb, 0x39, 0x3f,
    0xc3, 0xde, 0xda, 0x3e, 0x34, 0x92, 0x38, 0x3f, 0x77, 0xba, 0xd3, 0x3e,
    0x1d, 0xb3, 0x38, 0x3f, 0xef, 0x19, 0xcd, 0x3e, 0x03, 0x00, 0x00, 0x00,
    0x1d, 0xb3, 0x38, 0x3f, 0xef, 0x19, 0xcd, 0x3e, 0x15, 0xa8, 0x3b, 0x3f,
    0x39, 0x75, 0xcc, 0x3e, 0xfc, 0x15, 0x3d, 0x3f, 0x7a, 0xfc, 0xc7, 0x3e,
    0x08, 0x00, 0x00, 0x00, 0xfc, 0x15, 0x3d, 0x3f, 0x7a, 0xfc, 0xc7, 0x3e,
    0x9b, 0xb8, 0x3d, 0x3f, 0x50, 0x77, 0xc9, 0x3e, 0x20, 0x40, 0x3e, 0x3f,
    0x3f, 0x80, 0xc8, 0x3e, 0x17, 0xac, 0x3f, 0x3f, 0x51, 0x03, 0xca, 0x3e,
    0x3f, 0x12, 0x41, 0x3f, 0x0e, 0x64, 0xcd, 0x3e, 0xec, 0xff, 0x42, 0x3f,
    0x40, 0x0c, 0xc9, 0x3e, 0x18, 0xa2, 0x44, 0x3f, 0x99, 0x46, 0xc8, 0x3e,
    0x83, 0xa5, 0x45, 0x3f, 0x9e, 0x76, 0xca, 0x3e, 0x04, 0x00, 0x00, 0x00,
    0x9d, 0xe2, 0x3a, 0x3f, 0x02, 0x61, 0xe9, 0x3e, 0xaa, 0xb2, 0x39, 0x3f,
    0xd0, 0xb8, 0xed, 0x3e, 0x4a, 0xe8, 0x36, 0x3f, 0x8d, 0xf4, 0xea, 0x3e,
    0x94, 0x66, 0x36, 0x3f, 0x01, 0xd5, 0xe8, 0x3e, 0x05, 0x00, 0x00, 0x00,
    0xe7, 0x0b, 0x31, 0x3f, 0xa7, 0x12, 0xb4, 0x3e, 0x87, 0x37, 0x33, 0x3f,
    0x0b, 0x39, 0xb8, 0x3e, 0x3d, 0xab, 0x34, 0x3f, 0xd0, 0xbc, 0xb8, 0x3e,
    0xcc, 0x4f, 0x35, 0x3f, 0x40, 0xaa, 0xbb, 0x3e, 0xdf, 0x7b, 0x36, 0x3f,
    0x6e, 0xd3, 0xbb, 0x3e, 0x06, 0x00, 0x00, 0x00, 0xdf, 0x7b, 0x36, 0x3f,
    0x6e, 0xd3, 0xbb, 0x3e, 0x7b, 0xe2, 0x36, 0x3f, 0x4e, 0xae, 0xc1, 0x3e,
    0x39, 0xdc, 0x37, 0x3f, 0x46, 0x17, 0xc5, 0x3e, 0xfd, 0xc4, 0x37, 0x3f,
    0x9d, 0xea, 0xc9, 0x3e, 0x65, 0x8c, 0x38, 0x3f, 0x73, 0x65, 0xcb, 0x3e,
    0x1d, 0xb3, 0x38, 0x3f, 0xef, 0x19, 0xcd, 0x3e, 0x03, 0x00, 0x00, 0x00,
    0xa0, 0x95, 0x39, 0x3f, 0x96, 0xa9, 0x39, 0x3f, 0xd5, 0xcb, 0x39, 0x3f,
    0x73, 0x6c, 0x3e, 0x3f, 0x66, 0x9a, 0x37, 0x3f, 0x05, 0xbc, 0x42, 0x3f,
    0x05, 0x00, 0x00, 0x00, 0xb1, 0x1c, 0x3b, 0x3f, 0x88, 0x17, 0xad, 0x3e,
    0xa8, 0x88, 0x3c, 0x3f, 0x4b, 0x83, 0xac, 0x3e, 0x07, 0xbc, 0x3e, 0x3f,
    0x90, 0x5f, 0xb0, 0x3e, 0x22, 0xe5, 0x3d, 0x3f, 0xcd, 0xf3, 0xb0, 0x3e,
    0xce, 0x49, 0x3e, 0x3f, 0x79, 0x5d, 0xb3, 0x3e, 0x04, 0x00, 0x00, 0x00,
    0xce, 0x49, 0x3e, 0x3f, 0x79, 0x5d, 0xb3, 0x3e, 0xfc, 0x15, 0x3d, 0x3f,
    0x5f, 0x43, 0xb5, 0x3e, 0xd3, 0xa1, 0x3c, 0x3f, 0xeb, 0x62, 0xb7, 0x3e,
    0x86, 0x03, 0x3b, 0x3f, 0x65, 0xff, 0xb7, 0x3e, 0x04, 0x00, 0x00, 0x00,
    0x86, 0x03, 0x3b, 0x3f, 0x65, 0xff, 0xb7, 0x3e, 0x65, 0x7e, 0x39, 0x3f,
    0x26, 0xdf, 0xb6, 0x3e, 0xa7, 0x92, 0x37, 0x3f, 0x56, 0x20, 0xb8, 0x3e,
    0xdf, 0x7b, 0x36, 0x3f, 0x6e, 0xd3, 0xbb, 0x3e, 0x04, 0x00, 0x00, 0x00,
    0x33, 0x20, 0x4d, 0x3f, 0x32, 0x44, 0xa8, 0x3e, 0xdc, 0x64, 0x4b, 0x3f,
    0xfb, 0x6b, 0xaa, 0x3e, 0xae, 0x1d, 0x4a, 0x3f, 0xf2, 0x48, 0xad, 0x3e,
    0xe4, 0x6f, 0x48, 0x3f, 0xbd, 0xd7, 0xa9, 0x3e, 0x0e, 0x00, 0x00, 0x00,
    0xe4, 0x6f, 0x48, 0x3f, 0xbd, 0xd7, 0xa9, 0x3e, 0x81, 0x6d, 0x49, 0x3f,
    0x0e, 0xca, 0xa5, 0x3e, 0x04, 0x5e, 0x49, 0x3f, 0xd3, 0x9c, 0x9f, 0x3e,
    0xbe, 0x1b, 0x4a, 0x3f, 0x86, 0xec, 0x97, 0x3e, 0x93, 0x02, 0x4a, 0x3f,
    0xe6, 0xbd, 0x93, 0x3e, 0x73, 0x14, 0x49, 0x3f, 0xc3, 0xcf, 0x91, 0x3e,
    0xbe, 0x1b, 0x4a, 0x3f, 0x71, 0xa0, 0x8e, 0x3e, 0x6d, 0x41, 0x48, 0x3f,
    0x8a, 0xba, 0x8c, 0x3e, 0x29, 0x29, 0x46, 0x3f, 0x94, 0x1a, 0x91, 0x3e,
    0xe0, 0xc6, 0x44, 0x3f, 0xf3, 0x10, 0x93, 0x3e, 0x06, 0x1b, 0x43, 0x3f,
    0xde, 0x26, 0x97, 0x3e, 0x59, 0x1f, 0x42, 0x3f, 0xd7, 0x8f, 0x9a, 0x3e,
    0x29, 0x41, 0x40, 0x3f, 0x93, 0xf0, 0x9d, 0x3e, 0x80, 0x8f, 0x3e, 0x3f,
    0x87, 0xda, 0xa5, 0x3e, 0x02, 0x00, 0x00, 0x00, 0x80, 0x8f, 0x3e, 0x3f,
    0x87, 0xda, 0xa5, 0x3e, 0xe7, 0xcd, 0x3d, 0x3f, 0x39, 0xdb, 0xa4, 0x3e,
    0x09, 0x00, 0x00, 0x00, 0xb1, 0x4b, 0x4b, 0x3f, 0xe0, 0x1a, 0x75, 0x3e,
    0xf9, 0x24, 0x4b, 0x3f, 0x24, 0xcb, 0x80, 0x3e, 0x92, 0xe6, 0x4b, 0x3f,
    0x28, 0x6f, 0x82, 0x3e, 0xc8, 0x2a, 0x4b, 0x3f, 0x4d, 0x75, 0x85, 0x3e,
    0x7c, 0x15, 0x4b, 0x3f, 0xfa, 0xf6, 0x88, 0x3e, 0xec, 0x54, 0x4c, 0x3f,
    0xbe, 0xee, 0x88, 0x3e, 0x14, 0xc9, 0x4c, 0x3f, 0x98, 0x0d, 0x8c, 0x3e,
    0xc7, 0x97, 0x4e, 0x3f, 0xf4, 0xeb, 0x8c, 0x3e, 0xba, 0xc7, 0x4f, 0x3f,
    0x04, 0x08, 0x94, 0x3e, 0x0a, 0x00, 0x00, 0x00, 0x01, 0x85, 0x51, 0x3f,
    0x98, 0x9e, 0x3a, 0x3e, 0x7f, 0xb0, 0x4f, 0x3f, 0x3a, 0x34, 0x39, 0x3e,
    0xe6, 0xee, 0x4e, 0x3f, 0xbf, 0x5a, 0x31, 0x3e, 0x19, 0x80, 0x4f, 0x3f,
    0xb0, 0x19, 0x24, 0x3e, 0x66, 0xb1, 0x4d, 0x3f, 0x6b, 0x3d, 0x20, 0x3e,
    0x9d, 0x8c, 0x4d, 0x3f, 0x3a, 0xbf, 0x17, 0x3e, 0x98, 0x42, 0x4e, 0x3f,
    0x9c, 0xa8, 0x14, 0x3e, 0x66, 0xbf, 0x4c, 0x3f, 0x1c, 0x9f, 0x0a, 0x3e,
    0x31, 0x89, 0x4c, 0x3f, 0xfa, 0xff, 0x01, 0x3e, 0x20, 0x7d, 0x4d, 0x3f,
    0xdf, 0x8e, 0xf4, 0x3d, 0x03, 0x00, 0x00, 0x00, 0x43, 0x4d, 0x5d, 0x3f,
    0x90, 0xdd, 0xca, 0x3d, 0x12, 0xce, 0x5f, 0x3f, 0xd5, 0xb9, 0xce, 0x3d,
    0xaa, 0xf8, 0x5f, 0x3f, 0xad, 0xfd, 0xd7, 0x3d, 0x05, 0x00, 0x00, 0x00,
    0x92, 0x6a, 0x65, 0x3f, 0xce, 0xe6, 0x6c, 0x3d, 0x94, 0x0f, 0x65, 0x3f,
    0xa2, 0xb3, 0x90, 0x3d, 0xb4, 0xfd, 0x65, 0x3f, 0xcf, 0xc5, 0xb1, 0x3d,
    0x38, 0x0a, 0x64, 0x3f, 0xa8, 0x6b, 0xc8, 0x3d, 0x0e, 0xff, 0x62, 0x3f,
    0xd5, 0x1b, 0xdc, 0x3d, 0x13, 0x00, 0x00, 0x00, 0x91, 0x20, 0x3b, 0x3f,
    0x5f, 0x76, 0x21, 0xbe, 0xf6, 0x42, 0x3c, 0x3f, 0xc9, 0xf6, 0x1a, 0xbe,
    0x75, 0xe9, 0x3c, 0x3f, 0x8b, 0xb1, 0x13, 0xbe, 0xf5, 0xb9, 0x3a, 0x3f,
    0x90, 0x30, 0x0f, 0xbe, 0xf5, 0xb9, 0x3a, 0x3f, 0x4b, 0xa3, 0x04, 0xbe,
    0x28, 0x4b, 0x3b, 0x3f, 0x26, 0x9d, 0x01, 0xbe, 0x80, 0x22, 0x3b, 0x3f,
    0xa4, 0x61, 0xee, 0xbd, 0x73, 0xe5, 0x38, 0x3f, 0x24, 0x58, 0xe4, 0xbd,
    0xb1, 0xaf, 0x37, 0x3f, 0xb3, 0xf1, 0xf4, 0xbd, 0x35, 0x33, 0x34, 0x3f,
    0x87, 0x54, 0xf5, 0xbd, 0xb6, 0x8c, 0x33, 0x3f, 0xee, 0x1e, 0xfb, 0xbd,
    0xa3, 0x6e, 0x31, 0x3f, 0x4c, 0x89, 0xfc, 0xbd, 0xb6, 0x11, 0x31, 0x3f,
    0x30, 0xfd, 0x05, 0xbe, 0x70, 0x62, 0x2e, 0x3f, 0xc7, 0xb1, 0xfd, 0xbd,
    0x47, 0x73, 0x2b, 0x3f, 0x2b, 0xcd, 0x03, 0xbe, 0x7b, 0x20, 0x2a, 0x3f,
    0xdf, 0x3f, 0xfb, 0xbd, 0xca, 0xe8, 0x28, 0x3f, 0xd7, 0x11, 0x00, 0xbe,
    0x00, 0x3b, 0x27, 0x3f, 0x5f, 0xb2, 0x06, 0xbe, 0x7c, 0xc1, 0x25, 0x3f,
    0x88, 0x37, 0x05, 0xbe, 0x05, 0x00, 0x00, 0x00, 0x5b, 0x55, 0x76, 0x3f,
    0x15, 0x57, 0x07, 0xbe, 0xa7, 0xef, 0x73, 0x3f, 0x3a, 0xac, 0x03, 0xbe,
    0xf2, 0x89, 0x71, 0x3f, 0x15, 0x57, 0x07, 0xbe, 0x5f, 0x9b, 0x71, 0x3f,
    0x15, 0x8c, 0xf8, 0xbd, 0x2e, 0xaf, 0x70, 0x3f, 0x32, 0x86, 0xdd, 0xbd,
    0x03, 0x00, 0x00, 0x00, 0x89, 0xcd, 0x4f, 0x3f, 0x20, 0xc7, 0x76, 0x3e,
    0x2a, 0x9a, 0x4d, 0x3f, 0x85, 0xc8, 0x74, 0x3e, 0x3c, 0xb4, 0x4b, 0x3f,
    0x17, 0x18, 0x79, 0x3e, 0x07, 0x00, 0x00, 0x00, 0x82, 0x4c, 0x38, 0x3f,
    0x7c, 0xf1, 0x48, 0x3f, 0x5d, 0x06, 0x39, 0x3f, 0x7f, 0x09, 0x4a, 0x3f,
    0x2e, 0xbf, 0x37, 0x3f, 0xe1, 0x5d, 0x4d, 0x3f, 0x7c, 0x79, 0x37, 0x3f,
    0x6e, 0xc3, 0x4f, 0x3f, 0x01, 0x01, 0x38, 0x3f, 0xe7, 0x5f, 0x50, 0x3f,
    0x95, 0x6a, 0x3a, 0x3f, 0xe2, 0x2f, 0x4e, 0x3f, 0x55, 0x09, 0x3b, 0x3f,
    0x5e, 0x58, 0x4f, 0x3f, 0x06, 0x00, 0x00, 0x00, 0xc6, 0xcb, 0xa1, 0x3d,
    0x59, 0x23, 0xff, 0x3f, 0x01, 0x39, 0x8f, 0x3d, 0x62, 0x13, 0x00, 0x40,
    0x8c, 0x71, 0x9b, 0x3d, 0x18, 0x4f, 0x00, 0x40, 0x48, 0x4b, 0x9a, 0x3d,
    0x02, 0xd8, 0x00, 0x40, 0x32, 0x1a, 0xb1, 0x3d, 0x7b, 0xe8, 0x00, 0x40,
    0x29, 0xb5, 0xc2, 0x3d, 0xdd, 0xf5, 0x00, 0x40, 0x0a, 0x00, 0x00, 0x00,
    0x89, 0x22, 0x59, 0x3f, 0xee, 0x91, 0x97, 0x3e, 0x37, 0x1e, 0x5a, 0x3f,
    0x1e, 0xd3, 0x98, 0x3e, 0xda, 0x0a, 0x5a, 0x3f, 0x18, 0xc8, 0x9c, 0x3e,
    0xf3, 0x80, 0x5a, 0x3f, 0x79, 0xd6, 0x9f, 0x3e, 0x6d, 0xeb, 0x5a, 0x3f,
    0x20, 0x10, 0xa0, 0x3e, 0xa2, 0x21, 0x5b, 0x3f, 0xd8, 0xcc, 0xa1, 0x3e,
    0x0e, 0x25, 0x5c, 0x3f, 0x16, 0x61, 0xa2, 0x3e, 0x64, 0x57, 0x5c, 0x3f,
    0x29, 0x70, 0xa4, 0x3e, 0x9b, 0x24, 0x5d, 0x3f, 0x4b, 0xd2, 0xa5, 0x3e,
    0x8b, 0x26, 0x5d, 0x3f, 0x9c, 0x75, 0xa8, 0x3e, 0x03, 0x00, 0x00, 0x00,
    0x4a, 0xf9, 0x62, 0x3e, 0x87, 0x7b, 0x40, 0x3f, 0x2a, 0x9e, 0x5e, 0x3e,
    0xc0, 0x25, 0x3f, 0x3f, 0x1b, 0x29, 0x60, 0x3e, 0xbc, 0x3b, 0x3d, 0x3f,
    0x0c, 0x00, 0x00, 0x00, 0x1b, 0x29, 0x60, 0x3e, 0xbc, 0x3b, 0x3d, 0x3f,
    0x31, 0xf0, 0x65, 0x3e, 0x8b, 0xb4, 0x3b, 0x3f, 0x97, 0x67, 0x70, 0x3e,
    0x1e, 0xdf, 0x39, 0x3f, 0xef, 0x26, 0x76, 0x3e, 0x83, 0xe0, 0x37, 0x3f,
    0xb2, 0x52, 0x7c, 0x3e, 0x26, 0xbc, 0x36, 0x3f, 0x01, 0xbf, 0x81, 0x3e,
    0xa4, 0xd7, 0x32, 0x3f, 0x1b, 0xda, 0x81, 0x3e, 0x25, 0xc5, 0x2f, 0x3f,
    0x3b, 0xba, 0x83, 0x3e, 0x41, 0xb1, 0x2e, 0x3f, 0x07, 0xa0, 0x81, 0x3e,
    0x0e, 0x12, 0x2c, 0x3f, 0xb6, 0xad, 0x85, 0x3e, 0x44, 0x5e, 0x29, 0x3f,
    0x5b, 0x04, 0x7e, 0x3e, 0x04, 0xf8, 0x27, 0x3f, 0x4d, 0xe2, 0x80, 0x3e,
    0xf9, 0xc5, 0x22, 0x3f, 0x0f, 0x00, 0x00, 0x00, 0xb9, 0x14, 0x92, 0x3e,
    0xc0, 0x25, 0x3f, 0x3f, 0x86, 0xf0, 0x94, 0x3e, 0x01, 0x18, 0x41, 0x3f,
    0xa4, 0xb4, 0x98, 0x3e, 0xb5, 0xa4, 0x40, 0x3f, 0x82, 0x17, 0x9d, 0x3e,
    0x6c, 0xd5, 0x41, 0x3f, 0x19, 0xc7, 0x9a, 0x3e, 0xda, 0xaa, 0x43, 0x3f,
    0x50, 0x94, 0x9b, 0x3e, 0xaf, 0xdf, 0x44, 0x3f, 0x85, 0xca, 0x9b, 0x3e,
    0x7f, 0x09, 0x4a, 0x3f, 0x13, 0xe6, 0x9a, 0x3e, 0x62, 0xd7, 0x4a, 0x3f,
    0xc2, 0xfd, 0x99, 0x3e, 0x12, 0x2b, 0x4f, 0x3f, 0xea, 0x71, 0x9a, 0x3e,
    0x8e, 0xdf, 0x50, 0x3f, 0x24, 0x77, 0x97, 0x3e, 0xcd, 0xff, 0x51, 0x3f,
    0x77, 0xf6, 0x98, 0x3e, 0x1d, 0x17, 0x54, 0x3f, 0x14, 0x57, 0xa2, 0x3e,
    0x8e, 0x4a, 0x57, 0x3f, 0x05, 0x5d, 0xa6, 0x3e, 0x10, 0x75, 0x5b, 0x3f,
    0x16, 0xc8, 0xa9, 0x3e, 0x69, 0x57, 0x68, 0x3f, 0x0a, 0x00, 0x00, 0x00,
    0xa0, 0xa4, 0x1c, 0x3f, 0xa3, 0xcd, 0x17, 0x3f, 0x48, 0xcd, 0x1c, 0x3f,
    0x1b, 0x52, 0x17, 0x3f, 0x2a, 0x76, 0x1c, 0x3f, 0xdd, 0x77, 0x16, 0x3f,
    0x65, 0x8d, 0x1c, 0x3f, 0xea, 0xca, 0x15, 0x3f, 0xce, 0x62, 0x1c, 0x3f,
    0x44, 0x91, 0x15, 0x3f, 0x07, 0xd5, 0x1c, 0x3f, 0xad, 0x7c, 0x15, 0x3f,
    0xa8, 0x1c, 0x1d, 0x3f, 0x52, 0x2a, 0x15, 0x3f, 0x46, 0x28, 0x1d, 0x3f,
    0xf6, 0x4b, 0x14, 0x3f, 0x8a, 0xc5, 0x1c, 0x3f, 0x20, 0x17, 0x13, 0x3f,
    0x8e, 0x01, 0x1d, 0x3f, 0x00, 0x41, 0x12, 0x3f, 0x07, 0x00, 0x00, 0x00,
    0x12, 0x99, 0xc4, 0x3e, 0xfa, 0x67, 0xdf, 0x3e, 0x96, 0x7e, 0xe5, 0x3e,
    0xfa, 0x67, 0xdf, 0x3e, 0xca, 0xa2, 0x02, 0x3f, 0xfa, 0x67, 0xdf, 0x3e,
    0x51, 0x3c, 0x06, 0x3f, 0x6d, 0xbc, 0xdc, 0x3e, 0xf3, 0xfe, 0x08, 0x3f,
    0x27, 0x05, 0xdf, 0x3e, 0xc0, 0xe8, 0x0a, 0x3f, 0x06, 0xa3, 0xdd, 0x3e,
    0xa2, 0x0c, 0x0d, 0x3f, 0xd1, 0xe2, 0xe0, 0x3e, 0x09, 0x00, 0x00, 0x00,
    0x3c, 0xd3, 0xc4, 0x3d, 0xde, 0xb4, 0x1d, 0x3f, 0xeb, 0xb9, 0xeb, 0x3d,
    0x8d, 0x11, 0x1b, 0x3f, 0xc1, 0x03, 0xf4, 0x3d, 0x97, 0x06, 0x19, 0x3f,
    0x71, 0x25, 0x01, 0x3e, 0xf0, 0x40, 0x18, 0x3f, 0xb1, 0xdb, 0x09, 0x3e,
    0x54, 0xfc, 0x15, 0x3f, 0xf0, 0x20, 0x0b, 0x3e, 0x30, 0x3c, 0x13, 0x3f,
    0xa4, 0x52, 0x15, 0x3e, 0x60, 0xc3, 0x14, 0x3f, 0x0e, 0xbf, 0x15, 0x3e,
    0xb1, 0x20, 0x17, 0x3f, 0xb4, 0x38, 0x1b, 0x3e, 0xa3, 0xcd, 0x17, 0x3f,
    0x08, 0x00, 0x00, 0x00, 0x1b, 0x29, 0x60, 0x3e, 0xbc, 0x3b, 0x3d, 0x3f,
    0xf1, 0x43, 0x58, 0x3e, 0x31, 0xa8, 0x3b, 0x3f, 0xe0, 0xe2, 0x4f, 0x3e,
    0x1e, 0x25, 0x3a, 0x3f, 0x9d, 0xf4, 0x4a, 0x3e, 0xb6, 0x7f, 0x3a, 0x3f,
    0xb5, 0x82, 0x45, 0x3e, 0x2e, 0x90, 0x3a, 0x3f, 0x45, 0x35, 0x45, 0x3e,
    0x70, 0x0e, 0x3d, 0x3f, 0x83, 0x7a, 0x46, 0x3e, 0x55, 0x22, 0x3e, 0x3f,
    0xa8, 0x45, 0x43, 0x3e, 0xa2, 0x21, 0x3f, 0x3f, 0x07, 0x00, 0x00, 0x00,
    0xa8, 0x45, 0x43, 0x3e, 0xa2, 0x21, 0x3f, 0x3f, 0x2e, 0xf3, 0x3c, 0x3e,
    0x73, 0x26, 0x3e, 0x3f, 0x67, 0x1e, 0x33, 0x3e, 0x95, 0xce, 0x3f, 0x3f,
    0x63, 0x7f, 0x2a, 0x3e, 0x98, 0x72, 0x41, 0x3f, 0x29, 0x25, 0x24, 0x3e,
    0x15, 0x27, 0x43, 0x3f, 0xed, 0xe8, 0x0e, 0x3e, 0x27, 0xc6, 0x51, 0x3f,
    0xe7, 0x07, 0x0f, 0x3e, 0x99, 0x85, 0x55, 0x3f, 0x02, 0x00, 0x00, 0x00,
    0x7b, 0xdc, 0x4c, 0x3e, 0xa6, 0xc5, 0x40, 0x3f, 0xa8, 0x45, 0x43, 0x3e,
    0xa2, 0x21, 0x3f, 0x3f, 0x03, 0x00, 0x00, 0x00, 0x48, 0x4c, 0xa2, 0xbc,
    0x43, 0xe9, 0x07, 0x3f, 0x6e, 0x57, 0xce, 0xbc, 0xb6, 0x3d, 0x05, 0x3f,
    0x59, 0xd2, 0xbf, 0xbc, 0xd1, 0x29, 0x04, 0x3f, 0x06, 0x00, 0x00, 0x00,
    0x28, 0xdf, 0x7a, 0x3d, 0xcf, 0xc2, 0x09, 0x3f, 0x1f, 0x2d, 0x87, 0x3d,
    0x5b, 0x9c, 0x0b, 0x3f, 0x73, 0x61, 0x7e, 0x3d, 0x16, 0x71, 0x0e, 0x3f,
    0x0c, 0x8a, 0x87, 0x3d, 0x78, 0x0b, 0x12, 0x3f, 0x8f, 0x7a, 0x87, 0x3d,
    0x70, 0x2e, 0x15, 0x3f, 0x41, 0xef, 0x97, 0x3d, 0x95, 0xee, 0x17, 0x3f,
    0x06, 0x00, 0x00, 0x00, 0xe4, 0x6f, 0x48, 0x3f, 0xbd, 0xd7, 0xa9, 0x3e,
    0xc3, 0x73, 0x48, 0x3f, 0x4c, 0x0f, 0xad, 0x3e, 0x68, 0x7c, 0x46, 0x3f,
    0x0b, 0xd7, 0xaa, 0x3e, 0xf1, 0xc4, 0x44, 0x3f, 0x9c, 0x26, 0xaf, 0x3e,
    0xbd, 0xaa, 0x42, 0x3f, 0xf3, 0xd4, 0xad, 0x3e, 0x77, 0x76, 0x42, 0x3f,
    0xa3, 0xbd, 0xab, 0x3e, 0x04, 0x00, 0x00, 0x00, 0x77, 0x76, 0x42, 0x3f,
    0xa3, 0xbd, 0xab, 0x3e, 0xdc, 0x0f, 0x42, 0x3f, 0x63, 0x11, 0xaa, 0x3e,
    0xb2, 0x04, 0x41, 0x3f, 0x30, 0x2c, 0xa7, 0x3e, 0x80, 0x8f, 0x3e, 0x3f,
    0x87, 0xda, 0xa5, 0x3e, 0x05, 0x00, 0x00, 0x00, 0x86, 0x03, 0x3b, 0x3f,
    0x65, 0xff, 0xb7, 0x3e, 0xd8, 0xf9, 0x3a, 0x3f, 0xa4, 0x1f, 0xb9, 0x3e,
    0x19, 0xe4, 0x3b, 0x3f, 0xb4, 0x8a, 0xb9, 0x3e, 0x46, 0x94, 0x3c, 0x3f,
    0x56, 0xd1, 0xbe, 0x3e, 0xcd, 0xc0, 0x3c, 0x3f, 0xf1, 0xcf, 0xc0, 0x3e,
    0x03, 0x00, 0x00, 0x00, 0xcd, 0xc0, 0x3c, 0x3f, 0xf1, 0xcf, 0xc0, 0x3e,
    0x8f, 0x04, 0x3d, 0x3f, 0x53, 0xde, 0xc3, 0x3e, 0xfc, 0x15, 0x3d, 0x3f,
    0x7a, 0xfc, 0xc7, 0x3e, 0x0d, 0x00, 0x00, 0x00, 0xcd, 0xc0, 0x3c, 0x3f,
    0xf1, 0xcf, 0xc0, 0x3e, 0xfc, 0x15, 0x3d, 0x3f, 0xd3, 0x85, 0xc0, 0x3e,
    0x70, 0x9f, 0x3d, 0x3f, 0x99, 0x95, 0xc1, 0x3e, 0x38, 0xb6, 0x3e, 0x3f,
    0xe6, 0x94, 0xc2, 0x3e, 0x7a, 0xae, 0x3e, 0x3f, 0xb6, 0x53, 0xc1, 0x3e,
    0x6f, 0x83, 0x3f, 0x3f, 0xfe, 0x96, 0xbf, 0x3e, 0xa4, 0xb9, 0x3f, 0x3f,
    0x27, 0x1c, 0xbe, 0x3e, 0x9f, 0x6f, 0x40, 0x3f, 0xac, 0xf3, 0xbc, 0x3e,
    0x51, 0xb5, 0x40, 0x3f, 0x6c, 0x47, 0xbb, 0x3e, 0xf1, 0x57, 0x41, 0x3f,
    0x00, 0xfe, 0xb9, 0x3e, 0x0e, 0x18, 0x41, 0x3f, 0x39, 0x62, 0xb8, 0x3e,
    0x9a, 0x9c, 0x3f, 0x3f, 0x45, 0x29, 0xb7, 0x3e, 0x5b, 0x49, 0x3f, 0x3f,
    0xb9, 0x09, 0xb5, 0x3e, 0x06, 0x00, 0x00, 0x00, 0x5b, 0x49, 0x3f, 0x3f,
    0xb9, 0x09, 0xb5, 0x3e, 0x17, 0xac, 0x3f, 0x3f, 0xe7, 0xbe, 0xb5, 0x3e,
    0x37, 0x9a, 0x40, 0x3f, 0xef, 0x55, 0xb2, 0x3e, 0x2e, 0x14, 0x41, 0x3f,
    0x7f, 0x68, 0xaf, 0x3e, 0xef, 0xb2, 0x41, 0x3f, 0x12, 0x1f, 0xae, 0x3e,
    0x77, 0x76, 0x42, 0x3f, 0xa3, 0xbd, 0xab, 0x3e, 0x02, 0x00, 0x00, 0x00,
    0x5b, 0x49, 0x3f, 0x3f, 0xb9, 0x09, 0xb5, 0x3e, 0xce, 0x49, 0x3e, 0x3f,
    0x79, 0x5d, 0xb3, 0x3e};

static const std::size_t kWreniumGeoWorldBorders110mSize = sizeof(kWreniumGeoWorldBorders110m);
